No,Yıl,Taraflar,Savaş,Kazanan,Yer,Süre,Sonuç/Önemi,Savaş Türü,Komutanlar
1,MÖ 1274,Mısır - Hitit,Kadeş Savaşı,Berabere,Kadeş - Suriye,1 gün,Tarihin ilk yazılı antlaşması imzalandı,Meydan savaşı,II. Ramses ve Muvattali
2,MÖ 490,Atina - Pers,Maraton Savaşı,Atina,Maraton - Yunanistan,1 gün,Pers ilerleyişi Avrupa'da durduruldu,Meydan savaşı,Miltiades ve Datis
3,MÖ 331,Makedonya - Pers,Gaugamela Savaşı,Makedonya,Gaugamela - Irak,1 gün,Pers İmparatorluğu yıkıldı,Meydan savaşı,Büyük İskender ve III. Darius
4,MÖ 216,Kartaca - Roma,Kannae Savaşı,Kartaca,Kannae - İtalya,1 gün,Sarma taktiğinin klasik örneği oldu,Meydan savaşı,Hannibal ve Varro
5,1040,Selçuklu - Gazneli,Dandanakan Savaşı,Büyük Selçuklu,Dandanakan - Türkmenistan,1 gün,Büyük Selçuklu Devleti kuruldu,Meydan savaşı,Tuğrul Bey ve Sultan Mesud
6,1071,Selçuklu - Bizans,Malazgirt Savaşı,Büyük Selçuklu,Malazgirt - Muş,1 gün,Anadolu'nun kapıları Türklere açıldı,Meydan savaşı,Alparslan ve Romen Diyojen
7,1176,Selçuklu - Bizans,Miryokefalon Savaşı,Anadolu Selçuklu,Denizli yöresi,1 gün,Anadolu'nun Türk yurdu olduğu kesinleşti,Pusu-meydan savaşı,II. Kılıç Arslan ve Manuel Komnenos
8,1187,Eyyubiler - Haçlılar,Hittin Savaşı,Eyyubiler,Hittin - Filistin,1 gün,Kudüs Haçlılardan geri alındı,Meydan savaşı,Selahaddin Eyyubi ve Lusignanlı Guy
9,1389,Osmanlı - Balkan Haçlı Ordusu,I. Kosova Savaşı,Osmanlı,Kosova,1 gün,Balkanlarda Osmanlı hakimiyeti güçlendi,Meydan savaşı,I. Murad ve Prens Lazar
10,1396,Osmanlı - Haçlı Ordusu,Niğbolu Savaşı,Osmanlı,Niğbolu - Bulgaristan,1 gün,Osmanlı Balkan hakimiyeti pekişti,Meydan savaşı,Yıldırım Bayezid ve Sigismund
11,1402,Osmanlı - Timur,Ankara Savaşı,Timur,Çubuk Ovası - Ankara,1 gün,Fetret Devri başladı,Meydan savaşı,Timur ve Yıldırım Bayezid
12,1444,Osmanlı - Haçlı Ordusu,Varna Savaşı,Osmanlı,Varna - Bulgaristan,1 gün,Haçlı tehdidi kırıldı,Meydan savaşı,II. Murad ve Ladislas
13,1453,Osmanlı - Bizans,İstanbul'un Fethi,Osmanlı,İstanbul,53 gün,Orta Çağ kapandı Yeni Çağ açıldı,Kuşatma,Fatih Sultan Mehmed ve XI. Konstantin
14,1473,Osmanlı - Akkoyunlu,Otlukbeli Savaşı,Osmanlı,Erzincan,1 gün,Doğu Anadolu Osmanlı'ya bağlandı,Meydan savaşı,Fatih Sultan Mehmed ve Uzun Hasan
15,1514,Osmanlı - Safevi,Çaldıran Savaşı,Osmanlı,Çaldıran - Van,1 gün,Doğu Anadolu güvence altına alındı,Meydan savaşı,Yavuz Sultan Selim ve Şah İsmail
16,1516,Osmanlı - Memlük,Mercidabık Savaşı,Osmanlı,Halep - Suriye,1 gün,Suriye Osmanlı topraklarına katıldı,Meydan savaşı,Yavuz Sultan Selim ve Kansu Gavri
17,1517,Osmanlı - Memlük,Ridaniye Savaşı,Osmanlı,Kahire - Mısır,1 gün,Halifelik Osmanlı'ya geçti,Meydan savaşı,Yavuz Sultan Selim ve Tomanbay
18,1526,Osmanlı - Macaristan,Mohaç Meydan Savaşı,Osmanlı,Mohaç - Macaristan,2 saat,Macaristan Krallığı yıkıldı,Meydan savaşı,Kanuni Sultan Süleyman ve II. Layoş
19,1529,Osmanlı - Avusturya,I. Viyana Kuşatması,Sonuçsuz,Viyana - Avusturya,20 gün,Osmanlı Orta Avrupa'ya ulaştı,Kuşatma,Kanuni Sultan Süleyman ve Salm Kontu
20,1538,Osmanlı - Haçlı Donanması,Preveze Deniz Savaşı,Osmanlı,Preveze - Yunanistan,1 gün,Akdeniz Türk gölü haline geldi,Deniz savaşı,Barbaros Hayreddin ve Andrea Doria
21,1571,Osmanlı - Haçlı Donanması,İnebahtı Deniz Savaşı,Haçlı Donanması,İnebahtı - Yunanistan,1 gün,Osmanlı donanması büyük kayıp verdi,Deniz savaşı,Müezzinzade Ali Paşa ve Don Juan
22,1683,Osmanlı - Avusturya ve Lehistan,II. Viyana Kuşatması,Avusturya ve Lehistan,Viyana - Avusturya,60 gün,Osmanlı gerileme dönemine girdi,Kuşatma,Merzifonlu Kara Mustafa ve Sobieski
23,1805,İngiltere - Fransa ve İspanya,Trafalgar Deniz Savaşı,İngiltere,Trafalgar - İspanya,1 gün,İngiltere denizlerin hakimi oldu,Deniz savaşı,Nelson ve Villeneuve
24,1815,Fransa - İngiltere ve Prusya,Waterloo Savaşı,İngiltere ve Prusya,Waterloo - Belçika,1 gün,Napolyon dönemi sona erdi,Meydan savaşı,Wellington ve Napolyon
25,1915,Osmanlı - İtilaf Devletleri,Çanakkale Savaşı,Osmanlı,Çanakkale,11 ay,Çanakkale geçilmedi ve destan yazıldı,Kuşatma-siper savaşı,Mustafa Kemal ve Ian Hamilton
26,1921,TBMM Ordusu - Yunanistan,İnönü Muharebeleri,TBMM Ordusu,İnönü - Eskişehir,2 muharebe,Düzenli ordunun ilk zaferleri kazanıldı,Meydan savaşı,İsmet Paşa ve Papulas
27,1921,TBMM Ordusu - Yunanistan,Sakarya Meydan Muharebesi,TBMM Ordusu,Sakarya - Polatlı,22 gün,Türk ordusu savunmadan taarruza geçti,Meydan savaşı,Mustafa Kemal ve Papulas
28,1922,TBMM Ordusu - Yunanistan,Büyük Taarruz,TBMM Ordusu,Dumlupınar - Kütahya,15 gün,Kurtuluş Savaşı zaferle sonuçlandı,Meydan savaşı,Mustafa Kemal ve Trikupis
29,1942,Almanya - Sovyetler Birliği,Stalingrad Muharebesi,Sovyetler Birliği,Stalingrad - Rusya,5 ay,II. Dünya Savaşı'nın dönüm noktası oldu,Şehir-kuşatma savaşı,Jukov ve Paulus
30,1944,Müttefikler - Almanya,Normandiya Çıkarması,Müttefikler,Normandiya - Fransa,3 ay,Batı Cephesi açıldı,Çıkarma harekatı,Eisenhower ve Rommel
31,624,Müslümanlar - Mekkeliler,Bedir Savaşı,Müslümanlar,Bedir - Arabistan,1 gün,İslam'ın ilk büyük askeri zaferi kazanıldı,Meydan savaşı,Hz. Muhammed ve Ebu Cehil
32,636,İslam Devleti - Bizans,Yermük Savaşı,İslam Devleti,Yermük - Suriye,6 gün,Suriye ve Filistin Bizans'tan alındı,Meydan savaşı,Halid bin Velid ve Vahan
33,636,İslam Devleti - Sasani,Kadisiye Savaşı,İslam Devleti,Kadisiye - Irak,4 gün,Sasani İmparatorluğu çöküş sürecine girdi,Meydan savaşı,Sad bin Ebi Vakkas ve Rüstem
34,732,Franklar - Emeviler,Puvatya Savaşı,Franklar,Poitiers - Fransa,1 gün,İslam ordularının Avrupa ilerleyişi durduruldu,Meydan savaşı,Charles Martel ve Abdurrahman el-Gafiki
35,751,Abbasiler ve Karluklar - Çin,Talas Savaşı,Abbasiler ve Karluklar,Talas - Orta Asya,5 gün,Orta Asya İslam etkisine girdi ve kağıt Batı'ya yayıldı,Meydan savaşı,Ziyad bin Salih ve Kao Sien-çe
36,1048,Selçuklu - Bizans,Pasinler Savaşı,Büyük Selçuklu,Pasinler - Erzurum,1 gün,Selçuklu ile Bizans ilk büyük karşılaşması yaşandı,Meydan savaşı,İbrahim Yinal ve Liparites
37,1243,Anadolu Selçuklu - Moğol,Kösedağ Savaşı,Moğol,Kösedağ - Sivas,1 gün,Anadolu Selçuklu Moğol hakimiyetine girdi,Meydan savaşı,II. Gıyaseddin Keyhüsrev ve Baycu Noyan
38,1914,Osmanlı - Rusya,Sarıkamış Harekatı,Rusya,Sarıkamış - Kars,20 gün,Ağır kış şartlarında büyük kayıp verildi,Kış harekatı,Enver Paşa ve Vorontsov
