No,Yaşadığı Yıllar,Ülke,Devlet Adamı,Görevi,Dönem,Başlıca İcraatı,Görsel
1,1881-1938,Türkiye,Mustafa Kemal Atatürk,Cumhurbaşkanı,1923-1938,Cumhuriyeti kurdu ve inkılapları gerçekleştirdi,https://upload.wikimedia.org/wikipedia/commons/thumb/a/a8/Ataturk1930s.jpg/330px-Ataturk1930s.jpg
2,1884-1973,Türkiye,İsmet İnönü,Cumhurbaşkanı,1938-1950,Lozan Antlaşması ve çok partili hayata geçiş,https://upload.wikimedia.org/wikipedia/commons/thumb/5/5d/Inonu_Ismet_%28cropped%29.jpg/330px-Inonu_Ismet_%28cropped%29.jpg
3,1883-1986,Türkiye,Celal Bayar,Cumhurbaşkanı,1950-1960,İş Bankası'nı kurdu ve ekonomiyi liberalleştirdi,https://upload.wikimedia.org/wikipedia/commons/6/66/Mahmut_Cel%C3%A2l_Bayar.jpg
4,1899-1961,Türkiye,Adnan Menderes,Başbakan,1950-1960,Tarım makineleşmesi ve altyapı yatırımları,https://upload.wikimedia.org/wikipedia/commons/thumb/2/26/Adnan_Menderes_VI._Yasama_D%C3%B6nemi_%28cropped%29.jpg/330px-Adnan_Menderes_VI._Yasama_D%C3%B6nemi_%28cropped%29.jpg
5,1927-1993,Türkiye,Turgut Özal,Cumhurbaşkanı,1989-1993,Dışa açık ekonomi ve serbest piyasa reformları,https://upload.wikimedia.org/wikipedia/commons/thumb/8/81/Turgut_%C3%96zal_as_Turkish_Prime_Minister.jpg/330px-Turgut_%C3%96zal_as_Turkish_Prime_Minister.jpg
6,1494-1566,Osmanlı,Kanuni Sultan Süleyman,Padişah,1520-1566,Kanunları düzenledi ve devleti zirveye taşıdı,https://upload.wikimedia.org/wikipedia/commons/thumb/e/e9/EmperorSuleiman.jpg/330px-EmperorSuleiman.jpg
7,1842-1918,Osmanlı,II. Abdülhamid,Padişah,1876-1909,Eğitim kurumları ve demiryolu yatırımları,https://upload.wikimedia.org/wikipedia/commons/thumb/4/43/Sultan_Gazi_Abd%C3%BCl_Hamid_II_-_%D8%A7%D9%84%D8%B3%D9%84%D8%B7%D8%A7%D9%86_%D8%A7%D9%84%D8%BA%D8%A7%D8%B2%D9%8A_%D8%B9%D8%A8%D8%AF_%D8%A7%D9%84%D8%AD%D9%85%D9%8A%D8%AF_%D8%A7%D9%84%D8%AB%D8%A7%D9%86%D9%8A.png/330px-Sultan_Gazi_Abd%C3%BCl_Hamid_II_-_%D8%A7%D9%84%D8%B3%D9%84%D8%B7%D8%A7%D9%86_%D8%A7%D9%84%D8%BA%D8%A7%D8%B2%D9%8A_%D8%B9%D8%A8%D8%AF_%D8%A7%D9%84%D8%AD%D9%85%D9%8A%D8%AF_%D8%A7%D9%84%D8%AB%D8%A7%D9%86%D9%8A.png
8,1505-1579,Osmanlı,Sokullu Mehmed Paşa,Sadrazam,1565-1579,Üç padişaha sadrazamlık yapıp devleti ayakta tuttu,https://upload.wikimedia.org/wikipedia/commons/thumb/2/23/Mehmed_Sokolovi%C4%87_%28ca_1505-1579%29.png/330px-Mehmed_Sokolovi%C4%87_%28ca_1505-1579%29.png
9,1575-1661,Osmanlı,Köprülü Mehmed Paşa,Sadrazam,1656-1661,Bozulan devlet düzenini yeniden kurdu,https://upload.wikimedia.org/wikipedia/commons/thumb/8/8f/Mehmedpasha.jpg/330px-Mehmedpasha.jpg
10,1635-1676,Osmanlı,Köprülü Fazıl Ahmed Paşa,Sadrazam,1661-1676,Maliyeyi düzeltti ve Girit'i fethetti,https://upload.wikimedia.org/wikipedia/commons/thumb/3/32/K%C3%B6pr%C3%BCl%C3%BC_Ahmed_k%C5%91rajz.jpg/330px-K%C3%B6pr%C3%BCl%C3%BC_Ahmed_k%C5%91rajz.jpg
11,1662-1730,Osmanlı,Nevşehirli Damat İbrahim Paşa,Sadrazam,1718-1730,Lale Devri imar ve matbaa faaliyetleri,https://upload.wikimedia.org/wikipedia/commons/thumb/c/c2/De_grootvizier_Nev%C5%9Fehirli_Damat_%C4%ACbrahim_Pasa_Rijksmuseum_SK-A-2017.jpeg/330px-De_grootvizier_Nev%C5%9Fehirli_Damat_%C4%ACbrahim_Pasa_Rijksmuseum_SK-A-2017.jpeg
12,1800-1858,Osmanlı,Mustafa Reşid Paşa,Sadrazam,1839-1858,Tanzimat Fermanı'nın ilanına öncülük etti,https://upload.wikimedia.org/wikipedia/commons/thumb/a/a1/Resid_pasha_%28cropped%29.jpg/330px-Resid_pasha_%28cropped%29.jpg
13,1822-1884,Osmanlı,Mithat Paşa,Sadrazam,1876-1877,Kanun-i Esasi'nin hazırlanmasını sağladı,https://upload.wikimedia.org/wikipedia/commons/thumb/e/ef/Nadar_-_Portrait_of_Midhat_Pasha.jpg/330px-Nadar_-_Portrait_of_Midhat_Pasha.jpg
14,1490-1588,Osmanlı,Mimar Sinan,Hassa Başmimarı,1538-1588,300'den fazla eser ve Selimiye Camii,https://upload.wikimedia.org/wikipedia/commons/9/9e/Mimar_Sinan%2C_architecte_de_Soliman_le_Magnifique.jpg
15,1018-1092,Büyük Selçuklu,Nizamülmülk,Vezir,1064-1092,Nizamiye Medreseleri ve Siyasetname eseri,https://upload.wikimedia.org/wikipedia/commons/thumb/a/a4/Nizam_al-Mulk_tomb_2.JPG/330px-Nizam_al-Mulk_tomb_2.JPG
16,646-726,Göktürk,Tonyukuk,Vezir,682-726,II. Göktürk Devleti'nin yeniden kuruluşunun mimarı,https://upload.wikimedia.org/wikipedia/commons/thumb/7/72/Bilge_Tonyukuk_-_Orkhon_Inscriptions.jpeg/330px-Bilge_Tonyukuk_-_Orkhon_Inscriptions.jpeg
17,1815-1898,Almanya,Otto von Bismarck,Şansölye,1871-1890,Alman siyasi birliğini sağladı,https://upload.wikimedia.org/wikipedia/commons/thumb/1/10/Bundesarchiv_Bild_146-2005-0057%2C_Otto_von_Bismarck.jpg/330px-Bundesarchiv_Bild_146-2005-0057%2C_Otto_von_Bismarck.jpg
18,1876-1967,Almanya,Konrad Adenauer,Şansölye,1949-1963,Savaş sonrası Almanya'yı yeniden inşa etti,https://upload.wikimedia.org/wikipedia/commons/thumb/8/86/Bundesarchiv_B_145_Bild-F078072-0004%2C_Konrad_Adenauer.jpg/330px-Bundesarchiv_B_145_Bild-F078072-0004%2C_Konrad_Adenauer.jpg
19,1874-1965,İngiltere,Winston Churchill,Başbakan,1940-1945,II. Dünya Savaşı'nda direnişi yönetti,https://upload.wikimedia.org/wikipedia/commons/thumb/b/bc/Sir_Winston_Churchill_-_19086236948.jpg/330px-Sir_Winston_Churchill_-_19086236948.jpg
20,1533-1603,İngiltere,I. Elizabeth,Kraliçe,1558-1603,İngiltere'yi büyük bir deniz gücü yaptı,https://upload.wikimedia.org/wikipedia/commons/thumb/a/af/Darnley_stage_3.jpg/330px-Darnley_stage_3.jpg
21,1890-1970,Fransa,Charles de Gaulle,Cumhurbaşkanı,1959-1969,Beşinci Cumhuriyeti kurdu,https://upload.wikimedia.org/wikipedia/commons/thumb/2/27/De_Gaulle-OWI.jpg/330px-De_Gaulle-OWI.jpg
22,1809-1865,ABD,Abraham Lincoln,Başkan,1861-1865,Köleliği kaldırdı ve ülke birliğini korudu,https://upload.wikimedia.org/wikipedia/commons/thumb/a/ab/Abraham_Lincoln_O-77_matte_collodion_print.jpg/330px-Abraham_Lincoln_O-77_matte_collodion_print.jpg
23,1732-1799,ABD,George Washington,Başkan,1789-1797,ABD'nin ilk başkanı ve kurucu babası,https://upload.wikimedia.org/wikipedia/commons/thumb/b/b6/Gilbert_Stuart_Williamstown_Portrait_of_George_Washington.jpg/330px-Gilbert_Stuart_Williamstown_Portrait_of_George_Washington.jpg
24,1882-1945,ABD,Franklin D. Roosevelt,Başkan,1933-1945,New Deal programı ve savaş yönetimi,https://upload.wikimedia.org/wikipedia/commons/thumb/4/42/FDR_1944_Color_Portrait.jpg/330px-FDR_1944_Color_Portrait.jpg
25,1869-1948,Hindistan,Mahatma Gandhi,Bağımsızlık Önderi,1915-1948,Pasif direnişle bağımsızlığı kazandırdı,https://upload.wikimedia.org/wikipedia/commons/thumb/7/7a/Mahatma-Gandhi%2C_studio%2C_1931.jpg/330px-Mahatma-Gandhi%2C_studio%2C_1931.jpg
26,1918-2013,Güney Afrika,Nelson Mandela,Cumhurbaşkanı,1994-1999,Apartheid rejimini sona erdirdi,https://upload.wikimedia.org/wikipedia/commons/d/da/Nelson_Mandela%2C_2000_%285%29_%28cropped%29.jpg
27,1923-2015,Singapur,Lee Kuan Yew,Başbakan,1959-1990,Singapur'u dünyanın en zengin ülkelerinden yaptı,https://upload.wikimedia.org/wikipedia/commons/thumb/0/0f/Lee_Kuan_Yew.jpg/330px-Lee_Kuan_Yew.jpg
28,1904-1997,Çin,Deng Xiaoping,Devlet Başkanı,1978-1989,Çin ekonomisini dünyaya açtı,https://upload.wikimedia.org/wikipedia/commons/thumb/1/16/Deng_Xiaoping_and_Jimmy_Carter_at_the_arrival_ceremony_for_the_Vice_Premier_of_China._-_NARA_-_183157-restored%28cropped%29.jpg/330px-Deng_Xiaoping_and_Jimmy_Carter_at_the_arrival_ceremony_for_the_Vice_Premier_of_China._-_NARA_-_183157-restored%28cropped%29.jpg
29,1870-1924,Rusya,Vladimir Lenin,Devlet Başkanı,1917-1924,Sovyetler Birliği'ni kurdu,https://upload.wikimedia.org/wikipedia/commons/thumb/c/c0/Lenin_in_1920_%28cropped%29.jpg/330px-Lenin_in_1920_%28cropped%29.jpg
30,1783-1830,Venezuela,Simon Bolivar,Bağımsızlık Önderi,1810-1830,Güney Amerika'nın bağımsızlığına öncülük etti,https://upload.wikimedia.org/wikipedia/commons/thumb/8/87/Sim%C3%B3n_Bol%C3%ADvar._Toro_Moreno%2C_Luis._1922%2C_Legislative_Palace%2C_La_Paz.png/330px-Sim%C3%B3n_Bol%C3%ADvar._Toro_Moreno%2C_Luis._1922%2C_Legislative_Palace%2C_La_Paz.png
