No,Sanatçı,Albüm,Şarkı Adı,Şarkı Sözleri,YouTube
1,Şebnem Ferah,Kadın,Vazgeçtim Dünyadan,"""Vazgeçtim Dünyadan""

Ner'de sözler, of, ner'de yüreğim?
Ben de sevdim, of, sevmedi bilenim
Ver elini sonsuza
Al beni dünyadan, of, kalmadı sevenim

Yürekler alınmaz pulla, parayla
Kim yenmiş kaderi duayla?

Gelinlik giymeden, ışığı görmeden
Bebeğimden önce vazgeçtim dünyadan
Kaderi yenmeden utandım kendimden
Daha sevilmeden vazgeçtim dünyadan

Ner'den geldim, of, yolculuk nereye?
Belki söyler, of, sorarsam kadere
Yok sevenim arzuyla
Mezarlar bile küsmüş, of, kadınca ölene

Yürekler alınamaz pulla, parayla
Kim yenmiş kaderi duayla?

Gelinlik giymeden, ışığı görmeden
Bebeğimden önce vazgeçtim dünyadan
Kaderi yenmeden utandım kendimden
Daha sevilmeden vazgeçtim dünyadan",sBE_mGu7yGg
2,Şebnem Ferah,Kadın,Deli Kızım Uyan,"""Deli Kızım Uyan""

Gece geçmez, gündüz olmaz
Can bu dünyaya dayanmaz, neden?
Haykırdım dağlara, duymaz
Bekledim günlerce, yok ki gelen

Karlı dağların ardında biri yaşarmış
Bulut olur, yağmur olur, bize bakarmış
Hem yakın, hem uzakmış
Yanakları al almış

Deli kızım uyan
Söylenenler yalan
Deli kızım uyan
Bir tek sensin duyan
Bir tek sensin duyan

Yerde oldum, gökte oldum
Sormayın halim', ah, başım duman
Gönül uslanmayı bilmez
Düşlerim gerçek, gerçeğim yalan

Karlı dağların ardında biri yaşarmış
Bulut olur, yağmur olur, bize bakarmış
Hem yakın, hem uzakmış
Yanakları al almış

Deli kızım uyan
Söylenenler yalan
Deli kızım uyan
Bir tek sensin duyan
Bir tek sensin duyan",u7tUGIMviZI
3,Şebnem Ferah,Kadın,İyi Gün Dostlarım,"""İyi Gün Dostlarım""

Hangi gün, hangi an üzülsem, ağlasam
Halime güldünüz
Ne yapsam ne etsem olmadı anlayan
Aşkı çok gördünüz

Çekilin yanımdan, gelmeyin üstüme
İyi gün dostlarım, tutmayın elimden

Tutmayın elimden

Hangi gün, hangi an bir omuz arasam
Uzakta oldunuz
Ne yapsam ne etsem olmadı anlayan
Dostluğu çok gördünüz

Çekilin yanımdan, gelmeyin üstüme
İyi gün dostlarım, tutmayın elimden

Tutmayın elimden

Çekilin yanımdan, gelmeyin üstüme
İyi gün dostlarım, tutmayın elimden

Tutmayın elimden",SPCD2FiL29M
4,Şebnem Ferah,Kadın,Bu Aşk Fazla Sana,"""Bu Aşk Fazla Sana""

Denize açıldım sevmeye, sevilmeye
Anladım sevmek gibisi yok
Yağmura soyundum yavaş yavaş, yağar diye
Damlalarda yüzmek gibisi yok

Yokluğun varlığın bir
Dünüm yok, yarınım sır

Nasıl inanırım sana?
Bu yürek ağır bana
Sevgin öyle uzaklarda
Nefes alsan da yanımda
Nasıl inanırım sana?
Bu yürek ağır bana
Sevgin öyle uzaklarda
Nefes alsan da yanımda
Bu aşk fazla sana

Denize açıldım sevmeye, sevilmeye
Anladım sevmek gibisi yok
Yağmura soyundum yavaş yavaş, yağar diye
Damlalarda yüzmek gibisi yok

Yokluğun varlığın bir
Dünüm yok, yarınım sır

Nasıl inanırım sana?
Bu yürek ağır bana
Sevgin öyle uzaklarda
Nefes alsan da yanımda
Nasıl inanırım sana?
Bu yürek ağır bana
Sevgin öyle uzaklarda
Nefes alsan da yanımda
Bu aşk fazla sana

Yokluğun varlığın bir
Dünüm yok, yarınım sır

Nasıl inanırım sana?
Bu yürek ağır bana
Sevgin öyle uzaklarda
Nefes alsan da yanımda
Nasıl inanırım sana?
Bu yürek ağır bana
Sevgin öyle uzaklarda
Nefes alsan da yanımda
Bu aşk fazla sana
Bu aşk fazla sana",vqKHyby8kjU
5,Şebnem Ferah,Kadın,Bırak Kadının Olayım,"""Bırak Kadının Olayım""

Bu şarkı bir haykırış
Bir öpücük, sıcak bir kış
Bir demet gül, bir dokunuş
Bu şarkı bir yalvarış, bitmesin, sürsün bu düş
Sen de düşün, sen de konuş

Nereye gider bu aşk?
Nereye? Dur, gitme
Nereye gider bu aşk?
Nereye? Dur, gitme
Bırak, kadının olayım
Bırak, kadının olayım

Bu şarkı bir haykırış
Bir öpücük, sıcak bir kış
Bir demet gül, bir dokunuş
Bu şarkı bir yalvarış, bitmesin, sürsün bu düş
Sen de düşün, sen de konuş

Nereye gider bu aşk?
Nereye? Dur, gitme
Nereye gider bu aşk?
Nereye? Dur, gitme
Bırak, kadının olayım
Bırak, kadının olayım

Nereye gider bu aşk?
Nereye? Dur, gitme
Nereye gider bu aşk?
Nereye? Dur, gitme
Bırak, kadının olayım
Bırak, kadının olayım",MnnAvM6_YxA
6,Şebnem Ferah,Kadın,Fırtına,"""Fırtına""

Niye bana her şey korku, her şey tasa?
Ne gece ne gündüz kaygısız
Neden bütün yollar karanlığa?
Gecelerim uzun, ışıksız

Aşk yarı yolda kaldı, neyleyim?
Korkmuyorum, ben buyum, böyleyim

Yarınlar kadar yakın içimde fırtına
Bu dalgasız deniz durgun, aldatır, inanma
Yaslanıp gururumun kambur sırtına
Kendime rağmen durmam, basar giderim

Nereye gider yollar, sır dağlara
Denizler uçsuz, bucaksız
Gözlerim arkadaş uzaklara
Dalar gider, ah, faydasız

Aşk yarı yolda kaldı, neyleyim?
Korkmuyorum, ben buyum, böyleyim

Yarınlar kadar yakın içimde fırtına
Bu dalgasız deniz durgun, aldatır, inanma
Yaslanıp gururumun kambur sırtına
Kendime rağmen durmam, basar giderim

Aşk yarı yolda kaldı, neyleyim?
Korkmuyorum, ben buyum, böyleyim

Yarınlar kadar yakın içimde fırtına
Bu dalgasız deniz durgun, aldatır, inanma
Yaslanıp gururumun kambur sırtına
Kendime rağmen durmam, basar giderim

Yarınlar kadar yakın içimde fırtına
Bu dalgasız deniz durgun, aldatır, inanma
Yaslanıp gururumun kambur sırtına
Kendime rağmen durmam, basar giderim",YMCqAp3Vigs
7,Şebnem Ferah,Kadın,Yağmurlar,"""Yağmurlar""

Sokaklar sakin, geceler karabasan
Ellerim titrer, kim bu ben, kim bu susan?
Ne soran var ne bilen, sebebim yok
Bana kıyan erkeğim, sen gül
Vazgeçtim rüyalardan

Beni sevmezsen yağmurları sev
Bulutlar ağlasın, sen gül
Güneş doğsun yeniden

Gidiyorum, gözüm yaşlı
Hatıran har yüreğime
Sen sev yağmurları
Yağmurlar yağsın üzerime

Gidiyorum, gözüm yaşlı
Ah, yine yol, yol üstüne
Sen sev yağmurları
Yağmurlar yağsın yüzüme

Sokaklar sakin, geceler karabasan
Ellerim titrer, kim bu ben, kim bu susan?
Ne soran var ne bilen, sebebim yok
Bana kıyan erkeğim, sen gül
Vazgeçtim rüyalardan

Beni sevmezsen yağmurları sev
Bulutlar ağlasın, sen gül
Güneş doğsun yeniden

Gidiyorum, gözüm yaşlı
Hatıran har yüreğime
Sen sev yağmurları
Yağmurlar yağsın üzerime

Gidiyorum, gözüm yaşlı
Ah, yine yol, yol üstüne
Sen sev yağmurları
Yağmurlar yağsın yüzüme

Beni sevmezsen yağmurları sev
Bulutlar ağlasın, sen gül
Güneş doğsun yeniden

Gidiyorum, gözüm yaşlı
Hatıran har yüreğime
Sen sev yağmurları
Yağmurlar yağsın üzerime

Gidiyorum, gözüm yaşlı
Ah, yine yol, yol üstüne
Sen sev yağmurları
Yağmurlar yağsın yüzüme
Yüzüme
Yüzüme
Yüzüme",GznRBEUOchY
8,Şebnem Ferah,Kadın,Yeniden Doğup Gelsem,"""Yeniden Doğup Gelsem""

Al beni istersen, sevgim içimde
Gökyüzüm masmavi, çığlıklar gökyüzümde
Al beni yanına, dünyadan koru
Yeniden öğret dünyadaki yolu, Tanrı'm

Hayalim var, ümidim çok
Sebebim var, dönüşüm yok

Yeniden doğup gelsem
Çocuk kalır, büyümezdim
Açılan penceremden
Yine seni severdim

Yeniden doğup gelsem
Çocuk kalır, büyümezdim
Açılan penceremden
Yine seni severdim

Al beni istersen, sevgim içimde
Gökyüzüm masmavi, çığlıklar gökyüzümde
Al beni istersen, korkum içimde
Umudum isyanda, isyanım karanlıkta

Hayalim var, ümidim çok
Sebebim var, dönüşüm yok

Yeniden doğup gelsem
Çocuk kalır, büyümezdim
Açılan penceremden
Yine seni severdim

Yeniden doğup gelsem
Çocuk kalır, büyümezdim
Açılan penceremden
Yine seni severdim

Hayalim var, ümidim çok
Sebebim var, dönüşüm yok

Yeniden doğup gelsem
Çocuk kalır, büyümezdim
Açılan penceremden
Yine seni severdim

Yeniden doğup gelsem
Çocuk kalır, büyümezdim
Açılan penceremden
Yine seni severdim",eE0p98RrPJ0
9,Şebnem Ferah,Kadın,Durma,"""Durma""

Biz yollarda yalnız kaldık
Masallarla sevgi verilmez
Biz yıllarca korku dolduk
Rüzgara yön sorduk, bilinmez

Hangi el güçlü bu ellerden, yiğit yüreklerden?
Başlasak yeniden, yeniden, yeniden

Hayır, sen hiç korkma
Yarın senin yanında
Yeniden koş yollarda, durma, durma

Hayır, sen hiç korkma
Yarın senin yanında
Yeniden koş yollarda, durma, durma

Hangi el güçlü bu ellerden, yiğit yüreklerden?
Başlasak yeniden, yeniden, yeniden

Biz yollarda yalnız kaldık
Masallarla sevgi verilmez
Biz yıllarca korku dolduk
Rüzgara yön sorduk, bilinmez

Hangi el güçlü bu ellerden, yiğit yüreklerden?
Başlasak yeniden, yeniden, yeniden

Hayır, sen hiç korkma
Yarın senin yanında
Yeniden koş yollarda, durma, durma

Hayır, sen hiç korkma
Yarın senin yanında
Yeniden koş yollarda, durma, durma

Hangi el güçlü bu ellerden, yiğit yüreklerden?
Başlasak yeniden, yeniden, yeniden

Hangi el güçlü bu ellerden, yiğit yüreklerden?
Başlasak yeniden, yeniden, yeniden

Hayır, sen hiç korkma
Yarın senin yanında
Yeniden koş yollarda, durma, durma

Hayır, sen hiç korkma
Yarın senin yanında
Yeniden koş yollarda, durma, durma

Hayır, sen hiç korkma
Yarın senin yanında
Yeniden koş yollarda, durma, durma

Hayır, sen hiç korkma
Yarın senin yanında
Yeniden koş yollarda, durma, durma

Hangi el güçlü bu ellerden, yiğit yüreklerden?
Başlasak yeniden, yeniden, yeniden
Oh",gglmwP1lzaE
10,Şebnem Ferah,Kadın,Buradan Göçerken,"""Buradan Göçerken""

Bu beden, bu yüz yaşarken
Dün bugünle buluşurken
Bu deniz, bu mavi varken
Ner'deyiz? Niye? Neden?

Ner'de hani yalanlar?
Ner'de, boşa giden kan?
Ner'de hani yalanlar?
Ner'de, boşa giden kan?
Buradan göçerken, buradan göçerken

Bu beden, bu yüz yaşarken
Dün bugünle buluşurken
Bu deniz, bu mavi varken
Ner'deyiz? Niye? Neden?

Ner'de hani yalanlar?
Ner'de, boşa giden kan?
Ner'de hani yalanlar?
Ner'de, boşa giden kan?
Buradan göçerken, buradan göçerken

Bir sevgi var kalan bir düşünen
Bir duygu var kalan bir de düşünen
Buradan göçerken, buradan göçerken",jfuCkatMHAM
11,Şebnem Ferah,Artık Kısa Cümleler Kuruyorum,Oyunlar,"""Oyunlar""

Yüreksiz gözlerin olduğu bu yerde
Herkes gibi benim de yerim var
Yüzümden gitmeyen acı gülüşte
Hiç sönmeyen yangınların izi var

Yıktım duvarları, yaramı sardım
Yalnızca bildiğim bir şarkı var
Ne iz ne söz, eski bir şey
Kalmasın ardımda

İsmi bilinmez bir yerlere yolcuyum
Dikensiz gül olmaktansa kardelen olurum
Bizler büyürken durmaz, büyür oyunlar
Bütün oyunlarda herkes kadar benim de payım var, oh

Yıktım duvarları, yaramı sardım
Yalnızca bildiğim bir şarkı var
Ne iz ne söz, eski bir şey
Kalmasın ardımda

İsmi bilinmez bir yerlere yolcuyum
Dikensiz gül olmaktansa kardelen olurum
Bizler büyürken durmaz, büyür oyunlar
Bütün oyunlarda herkes kadar benim de payım var

Yüreksiz gözlerin olduğu bu yerde
Herkes gibi benim de yerim var
Yüzümden gitmeyen acı gülüşte
Hiç sönmeyen yangınların izi var

İsmi bilinmez bir yerlere yolcuyum
Dikensiz gül olmaktansa kardelen olurum
Bizler büyürken durmaz, büyür oyunlar
Bütün oyunlarda herkes kadar benim de payım var

İsmi bilinmez bir yerlere yolcuyum
Dikensiz gül olmaktansa kardelen olurum
Bizler büyürken durmaz, büyür oyunlar
Bütün oyunlarda herkes kadar benim de payım var, oh",5OPp9wUvgw8
12,Şebnem Ferah,Artık Kısa Cümleler Kuruyorum,Ay,"""Ay""

Ay ışığına vuruldum ben
Çok uzaklarda olsa da
Sonumuzu bile bile seviştim ben
Artık gece hiç olmasa da

Ay ışığına vuruldum ben
Başka dünyaya yansa da
Çok zor geçen günün ardından uyurken ben
Odam hep ışıksız kalmışsa da

Bu ev artık yuva değil
Bütün eşyalar üst üste
Terketmeden önce

Ay ışığına vuruldum ben
Başka dünyaya yansa da
Çok zor geçen günün ardından uyurken ben
Odam hep ışıksız kalmışsa da

Bu ev artık yuva değil
Bütün eşyalar üst üste
Terketmeden önce, oh",9TV6dxyd7wA
13,Şebnem Ferah,Artık Kısa Cümleler Kuruyorum,Bugün,"""Bugün""

Bugün resmine dokundum ben, öptüm yine, yine
Zaman, ağır ol, henüz erken, demek için ""Güle güle""
Sesini özledim, özledim çok
Haberim yok, durmuş dünya, niye?
Seninle birlikte kaybolanları arıyorum başka şeylerde
Aşk şarkısı değil bu, geldi içimden
Gülümse bir kez benim için, eğer duyuyorsan

Nehrim ol, gel, ak yine
Kelebek ol, gel, uç yine
Çiçeğim ol, gel, aç yine
Rüzgâr ol

Nehrim ol, gel, ak yine
Kelebek ol, gel, uç yine
Çiçeğim ol, gel, aç yine
Rüzgâr ol, oh, mmh

Uh-ah

Bugün resmine dokundum ben, öptüm yine, yine
Zaman, ağır ol, henüz erken (Henüz erken), demek için ""Güle güle""
Sesini özledim, özledim çok
Haberim yok, durmuş dünya, niye?
Seninle birlikte kaybolanları arıyorum başka şeylerde
Aşk şarkısı değil bu, geldi içimden
Gülümse bir kez benim için, eğer duyuyorsan

Nehrim ol, gel, ak yine
Kelebek ol, gel, uç yine
Çiçeğim ol, gel, aç yine
Rüzgâr ol

Nehrim ol, gel, ak yine
Kelebek ol, gel, uç yine
Çiçeğim ol, gel, aç yine
Rüzgâr ol, oh, mmh

Uh-ah, mmh-mmh-mmh-mmh",WJ4MNKotScw
14,Şebnem Ferah,Artık Kısa Cümleler Kuruyorum,Kalbim,-,eK_V3j-0e-s
15,Şebnem Ferah,Artık Kısa Cümleler Kuruyorum,Herkes Bilsin İstedim,"""Herkes Bilsin İstedim""

Herkes bilsin istedim, nasıl sevdim ben
Herkes duysun istedim, neye direndim ben

Neler gördü gözlerim
Neler duydum, dinledim
Aşk böyleyse sevmeyin
Sevmeyin beni
Of, beni, mmh

Zaman dursun istedim
Bugün pes ettim ben
Her şey sussun istedim
Masal olayım ben

Neler gördü gözlerim
Neler duydum, dinledim
Aşk böyleyse sevmeyin
Sevmeyin beni
Of, beni, mmh

Herkes bilsin istedim, nasıl sevdim ben
Herkes duysun istedim, neye direndim ben

Neler gördü gözlerim
Neler duydum, dinledim
Aşk böyleyse sevmeyin
Sevmeyin beni
Of, beni, mmh

Neler gördü gözlerim
Neler duydum, dinledim
Aşk böyleyse sevmeyin
Sevmeyin beni
Of, beni, beni",SPK-xunqico
16,Şebnem Ferah,Artık Kısa Cümleler Kuruyorum,Oyunun Sonu,"""Oyunun Sonu""

Hangi acılar, hangi anılar
Eskimez zamanla?
Hangi kalp temiz, hangi gerçek iz
Aşınmaz yağmurda?

Her şeyi gören, bilenler
Anlatın, neden dönmezler gidenler?

Giden gelmiyor, geri dönmüyor
Oyunun sonunda, sonunda
Giden gelmiyor, hayat denilen şey
Bir ipin ucunda, ucunda

Hangi büyük aşk, hangi büyük kin
Yok olmaz zamanla?
Hangi yanardağ, hangi fırtına
Durulmaz dünyada?

Her şeyi gören, bilenler
Anlatın, neden dönmezler gidenler?

Giden gelmiyor, geri dönmüyor
Oyunun sonunda, sonunda
Giden gelmiyor, hayat denilen şey
Bir ipin ucunda, ucunda

Giden gelmiyor, geri dönmüyor
Oyunun sonunda, sonunda
Giden gelmiyor, hayat denilen şey
Bir ipin ucunda, ucunda

Giden gelmiyor, geri dönmüyor
Oyunun sonunda, sonunda
Giden gelmiyor, hayat denilen şey
Bir ipin ucunda, ucunda",8rO9s5L55Ww
17,Şebnem Ferah,Artık Kısa Cümleler Kuruyorum,Üvey,"""Üvey""

Biraz sarhoş, biraz aşığım ben
Uyurken siz, umudu ararım
Yok, ellerimde aşkım
Yok, ne üzgün ne kırgınım

Üvey çocuk olmadım, üvey anne olmadım
Üvey insanlık mı alın yazım?
Aşkına doyamadım, karardı aydınlığım
Üvey aşklar mıymış alın yazım?

Acıyı da derdi de severim ben
Yanımdan geçer, beni büyütürler
Yok, yok olmaz inancım
Yok, ne üzgün ne kırgınım

Üvey çocuk olmadım, üvey anne olmadım
Üvey insanlık mı alın yazım?
Aşkına doyamadım, karardı aydınlığım
Üvey aşklar mıymış alın yazım?

Üvey çocuk olmadım, üvey anne olmadım
Üvey insanlık mı alın yazım?
Aşkına doyamadım, karardı aydınlığım
Üvey aşklar mıymış alın yazım?",m51CO8-xW30
18,Şebnem Ferah,Artık Kısa Cümleler Kuruyorum,Nefessiz Kaldım,"""Nefessiz Kaldım""

Eğer beni duyuyorsan uyan
Hiç geçmiyorsam aklından
Uyu, uyu, uyu, hiç korkma
Utanır, isteyemem
Bilirsin, yardım dilemem
Yalnız, sesimi duy bazen

Bir resmime bakıyorsan, gülen
Islanmıyorsa gözlerin, iyi
İyi, iyi, iyi, hiç utanma
Yalan aşklara düştüm
Yeni dostlar arar oldum
Uyuyup huzur buldum bazen, of

Yerimi hiç kimse bilmesin
Kalbim biraz dinlensin, of, inan

Nefessiz kaldım duvarlar içinde
Ellerim bağlı zincirlerle, hava ner'de?
Nefessiz kaldım aşkımın içinde
İçimden çekip aldığın çocuk ner'de?
Nefessiz kaldım, nefessiz kaldım

Bir resmime bakıyorsan, gülen
Islanmıyorsa gözlerin, iyi
İyi, iyi, iyi, hiç utanma
Yalan aşklara düştüm
Yeni dostlar arar oldum
Uyuyup huzur buldum bazen, of

Yerimi hiç kimse bilmesin
Kalbim biraz dinlensin, of, inan

Nefessiz kaldım duvarlar içinde
Ellerim bağlı zincirlerle, hava ner'de?
Nefessiz kaldım aşkımın içinde
İçimden çekip aldığın çocuk ner'de?
Nefessiz kaldım, nefessiz kaldım

Nefessiz kaldım duvarlar içinde
Ellerim bağlı zincirlerle, hava ner'de?
Nefessiz kaldım aşkımın içinde
İçimden çekip aldığın çocuk ner'de?
Nefessiz kaldım, nefessiz kaldım
Nefessiz kaldım, nefessiz kaldım",vQn6CEs4z3o
19,Şebnem Ferah,Artık Kısa Cümleler Kuruyorum,Yorgun,"""Yorgun""

Yorgun geldim bu dünyaya
Kimse bilmez
Sonsuzluk benim olsa
Fayda etmez
Öyle bir derde düştüm ki
Hiç sorma
Katlanmak zor, gücün yoksa

Çaresizlik gözlerinde, can verirken ellerimde
Sustun artık sen, söylerim ben senin yerine

İşte ben böyle öldüm, gittim, kendimi gömdüm
Sonra toprağa sordum, ""Dünya böyle değildi""
Toprak dedi, ""Sen kördün""

İşte ben böyle öldüm, gittim, kendimi gömdüm
Sonra toprağa sordum, ""Dünya böyle değildi""
Toprak dedi, ""Sen kördün""

""Dünya böyle değildi""
Toprak dedi, ""Sen kördün"", ah

Yorgun geldim bu dünyaya
Kimse bilmez
Sonsuzluk benim olsa
Fayda etmez
Öyle bir derde düştüm ki
Hiç sorma
Katlanmak zor, gücün yoksa

Çaresizlik gözlerinde, can verirken ellerimde
Sustun artık sen, söylerim ben senin yerine

İşte ben böyle öldüm, gittim, kendimi gömdüm
Sonra toprağa sordum, ""Dünya böyle değildi""
Toprak dedi, ""Sen kördün""

İşte ben böyle öldüm, gittim, kendimi gömdüm
Sonra toprağa sordum, ""Dünya böyle değildi""
Toprak dedi, ""Sen kördün"", ah",-vzWOk9qVxk
20,Şebnem Ferah,Artık Kısa Cümleler Kuruyorum,Artık Kısa Cümleler Kuruyorum,"""Artık Kısa Cümleler Kuruyorum""

Sizi bilmem ama ben karar verdim
Su gibi duru olup hep akmaya
Başka sular tanıyıp çoğalmaya
Dalgalanmaya, taşmaya

Son günlerde çok düşünür oldum
Zor zamanları çabuk atlatır oldum

Yalnız mıyım insanlar içinde?
Arkadaşlarım, aşklarım içimde
Yara aldım bundan iki yıl önce
Hiç susmadım, şarkı söyledim günlerce

Artık kısa cümleler kuruyorum
Sevdiklerim, sevmediklerim yanımda
Kabullendim her şeyi olduğu gibi
Yola çıktım, yarınlara

Son günlerde çok düşünür oldum
Zor zamanları çabuk atlatır oldum

Bakıyorum aynaya her gece
İçim rahat, biraz yorgunum sadece
Hayatıma giren herkese
Yaşanmış her şeye

Teşekkürler, büyüyorum sizinle",8H1_z8jeGb8
21,Şebnem Ferah,Perdeler,Sigara,"Aslında ben de isterim, emeklemeden koşmayı
Güzel elbiselerle, makyaj yapıp dolaşmayı
Aslında ben de isterim, düşünmeden konuşmayı
Küçük bir oyun içinde önemli kişi olmayı

Aklımdan geçen sözler
Kalbimden gelen sesler
Hepsi bir orman oldu
Bir kibritle yok oldu

Ben sigara dumanının altında
Yana yana en sonunda kül oldum
Sen kibritin hiç yanmayan ucunda
Birinin hayatından geçmiş oldun

Ben sigara dumanının altında
Yana yana en sonunda kül oldum
Sen kibritin hiç yanmayan ucunda
Birinin hayatından geçmiş oldun

Aslında ben de isterim, emeklemeden koşmayı
Güzel elbiselerle, makyaj yapıp dolaşmayı
Aslında ben de isterim, düşünmeden konuşmayı
Küçük bir oyun içinde önemli kişi olmayı

İyi dostlar biriktirdim
Hepsi ailem oldu
Küçük bir aşk yetiştirdim
Düzene yenik düştü

Ben sigara dumanının altında
Yana yana en sonunda kül oldum
Sen kibritin hiç yanmayan ucunda
Birinin hayatından geçmiş oldun

Ben sigara dumanının altında
Yana yana en sonunda kül oldum
Sen kibritin hiç yanmayan ucunda
Birinin hayatından geçmiş oldun",nvo-M2IzBGU
22,Şebnem Ferah,Perdeler,Aşk,"""Aşk""

Toprağın altında
Sarmaş dolaş köklerle
Bağlanmışız birbirimize
Cennet gibi bir yerlerde
Kader varsa benimki bu olsun
Aşk masalsa gerçek olsun

Aşk
Bağlanmış kökler gibi
Hayat veren toprak gibi
Tüm anneler gibi güçlü olsun
Camdan sızan güneş gibi
Gökte yıldızlar gibi
Dolu hayatlar gibi sonsuz olsun
Sonsuz olsun

Toprağın üstünde
Yan yana duran çiçeklerde
Sarılmışız birbirimize
Cennet gibi bir yerlerde
Kader varsa benimki bu olsun
Aşk masalsa gerçek olsun

Aşk
Bağlanmış kökler gibi
Hayat veren toprak gibi
Tüm anneler gibi güçlü olsun
Camdan sızan güneş gibi
Gökte yıldızlar gibi
Dolu hayatlar gibi sonsuz olsun
Sonsuz olsun

Toprağın altında
Toprağın üstünde
Hatıralarımda
Rüyalarda, ah

Bağlanmış kökler gibi
Hayat veren toprak gibi
Tüm anneler gibi güçlü olsun
Camdan sızan güneş gibi
Gökte yıldızlar gibi
Dolu hayatlar gibi sonsuz olsun

Bağlanmış kökler gibi
Hayat veren toprak gibi
Tüm anneler gibi güçlü olsun
Camdan sızan güneş gibi
Gökte yıldızlar gibi
Dolu hayatlar gibi sonsuz olsun
Sonsuz olsun",xm7uoZcNKdo
23,Şebnem Ferah,Perdeler,Sil Baştan,"""Sil Baştan""

Gücün var mı sevgilim?
Derin sularda inci tanesi aramaya
Cesaretin kaldıysa
Hâlâ benle aşktan konuşmaya
Söyle canım sevgilim
Hayat bize oyun oynuyor olabilir mi?
Yorgun gibi bir hâlin var
Duyguların karışık olabilir mi?

Sil baştan başlamak gerek bazen
Hayatı sıfırlamak
Sil baştan sevmek gerek bazen
Her şeyi, unutmak
Sil baştan başlamak gerek bazen (Bazen)
Hayatı sıfırlamak (Hayatı sıfırlamak)
Sil baştan sevmek gerek bazen
Her şeyi, unutmak

Sanki bugün son günmüş gibi
Dolu dolu yaşamak istiyorum ben
Her ne çıkarsa yoluma
Selam verip yürümek istiyorum ben

Sil baştan başlamak gerek bazen
Hayatı sıfırlamak
Sil baştan sevmek gerek bazen
Her şeyi, unutmak
Sil baştan başlamak gerek bazen (Bazen)
Hayatı sıfırlamak (Hayatı sıfırlamak)
Sil baştan sevmek gerek bazen
Her şeyi, unutmak

Sil baştan başlamak gerek bazen
Hayatı sıfırlamak
Sil baştan sevmek gerek bazen
Her şeyi, unutmak
Sil baştan başlamak gerek bazen (Bazen)
Hayatı sıfırlamak (Hayatı sıfırlamak)
Sil baştan sevmek gerek bazen
Her şeyi, unutmak

Unutmak, unutmak, unutmak, unutmak, unutmak, unutmak",oAg1_yIgpC4
24,Şebnem Ferah,Perdeler,Nereye Kadar,"""Nereye Kadar""

Hiç olmaz sandığım
Her şey birden bire oldu
Daha ""Ne oluyor?"" derken
Beni de hayat her yerimden vurdu
Hiç susmaz sandığım
Kalpler birden bire sustu
Daha ""Ne oluyor?"" derken
Beni de hayat bir kez daha vurdu

Günlerdir uykum yok
Hayat buysa artık gücüm yok

Daha kaç kez vurulmam
Nereye kadar güçlü olmam
Daha ne kadar yaralanmam gerek hayatta?
Daha ne kadar gücüm var?
Kaybettiğim şeyler var
Daha ne kadar borcum var benim hayata?

Çok sağlam sandığım
Her şey birden bire çöktü
Daha ""Ne oluyor?"" derken
Beni de hayat bir kez daha vurdu
Günlerdir uykum yok
Hayat buysa artık gücüm yok

Daha kaç kez vurulmam
Nereye kadar güçlü olmam
Daha ne kadar yaralanmam gerek hayatta?
Daha ne kadar gücüm var?
Kaybettiğim şeyler var
Daha ne kadar borcum var benim hayata?

Günlerdir uykum yok
Hayat buysa artık gücüm yok

Daha kaç kez vurulmam
Nereye kadar güçlü olmam
Daha ne kadar yaralanmam gerek hayatta?
Daha ne kadar gücüm var?
Kaybettiğim şeyler var
Daha ne kadar borcum var benim hayata?",59nCi7b-4Wk
25,Şebnem Ferah,Perdeler,Perdeler,"""Perdeler""

Bir yanımda dopdolu yaşanmış sayfalar
Bir yanımda üst üste, okunmamış kitaplar
Dünüm, yarınım hep bur'da, küçücük adamda
Susadım, yoruldum ama aklım hayatta

Bir yanda yorgun düşmüş, yaşlanmış insanlar
Bir yanımda ümitle, aşkla uyananlar
Dünyanın her hali bur'da, dağınık odamda
Çok düştüm, yaralandım ama sarıldım hayata

Ardımda büyük büyük, kocaman ağır yükler
Her yerimden çektiler, beni beklettiler
Dinlendim, su içtim, aktı dudaklarımdan
Her gün güneş doğar, yeter ki açık olsun perdeler

Bir yanımda durmadan çalışan saatler
Bir yanda ağır ağır dipten gelen sesler
Düşündüm, buldum sandığım yüzyıllık gerçekler
Hepsiyle giyindim durdum, bazen büyük geldiler

Bir yanda hiç susmadan konuşan dudaklar
Bir yanda küsüp susmuş, sessiz akıllar
Dibe vurduysak ne olmuş? Elbet çıkarız
Bir gün var, bir gün yokuz, kiralıkmış hayatlar

Ardımda büyük büyük, kocaman ağır yükler
Her yerimden çektiler, beni beklettiler
Dinlendim, su içtim, aktı dudaklarımdan
Her gün güneş doğar, yeter ki açık olsun perdeler

Ardımda büyük büyük, kocaman ağır yükler
Her yerimden çektiler, beni beklettiler
Dinlendim, su içtim, aktı dudaklarımdan
Her gün güneş doğar, yeter ki açık olsun perdeler",6myp1CKB-mY
26,Şebnem Ferah,Perdeler,Günaydın Sevgilim,"""Günaydın Sevgilim""

Günaydın sevgilim

Keşke hayat her gün böyle
Seninle dolu, aşkınla dolu olsa
Keşke hayat her gün böyle
Seninle başlasa, sürpriz dolu olsa
Hep böyle cömert, kibar davransa
Bizi üzmeden baş başa bıraksa

Günaydın sevgilim
Ne güzel bir gün, değil mi?
Kahvaltıdan önce biraz daha sevişelim mi?
Günaydın sevgilim
Ne güzel bir gün, değil mi?
Her şeyi bir yana bırakıp bütün gün film izleyelim mi?

Keşke güneş hergün böyle
Sımsıcak, pırıl pırıl olsa
Keşke herkes her gün böyle
Kıpır kıpır, hayat dolu olsa
Her şey yolunda gitse durmasa
Üzüntüler upuzun bir tatile çıksa

Günaydın sevgilim
Ne güzel bir gün, değil mi?
Kahvaltıdan önce biraz daha sevişelim mi?
Günaydın sevgilim
Ne güzel bir gün, değil mi?
Her şeyi bir yana bırakıp bütün gün film izleyelim mi?

Günaydın sevgilim
Ne güzel bir gün, değil mi?
Kahvaltıdan önce biraz daha sevişelim mi?
Günaydın sevgilim
Ne güzel bir gün, değil mi?
Her şeyi bir yana bırakıp bütün gün film izleyelim mi?

Günaydın sevgilim
Ne güzel bir gün, değil mi?
Kahvaltıdan önce biraz daha sevişelim mi?
Günaydın sevgilim
Ne güzel bir gün, değil mi?
Her şeyi bir yana bırakıp bütün gün film izleyelim mi?

Günaydın sevgilim",EkIceUIdyPc
27,Şebnem Ferah,Perdeler,Dünya,"""Dünya""

Döne döne, durmadan
Sen de bir garip oldun
Sarhoş musun dünya?

Şişede şarap gibi
Yorgun bir kadın gibi
Yalnız mısın dünya?

Sesimi bir duy diye
Beklemek zor geliyor
Yüzüme bir gül diye
Düşünmek zor geliyor

Gerçek misin, yalan mısın?
Masal mısın dünya?
Barışır mısın benimle?
Gerçek misin, yalan mısın dünya?

Döne döne, durmadan
Sen de bir garip oldun
Sarhoş musun dünya?

Sesimi bir duy diye
Beklemek zor geliyor
Yüzüme bir gül diye
Düşünmek zor geliyor

Gerçek misin, yalan mısın?
Masal mısın dünya?
Barışır mısın benimle?
Gerçek misin, yalan mısın dünya?

Bazen içime bıçak gibi saplanıp yara olduysan da
Günler boyunca kanayıp acıttıysan da
Daha çocukken bile duvar gibi sert olduysan da
Sana hiç küsmedim, hiç küsmedim dünya

Gerçek misin, yalan mısın?
Masal mısın dünya?
Barışır mısın benimle?
Gerçek misin, yalan mısın dünya?",axBWaijUx9k
28,Şebnem Ferah,Perdeler,Saatim Çalmadan,"""Saatim Çalmadan""

Saatim çalmadan uyandım bugün
Dünkü fırtına çoktan dinmiş
Yağmur yağmış, her yer yıkanmış
Vakit kaybetmeden yazmaya başladım

Bir ağacım, ormanda
Dallı budaklı
Baharı bekler dururum
Gövdemde adın yazılı

Dudağımda bir damlan denize döndü
Şiirler yazdım sana, okur musun? Söyle
Yüreğimde her şeyin, koruyup sevdim
Uzanıp ellerimden tutar mısın? Söyle

Saatim çalmadan uyandım bugün
Dünkü fırtına çoktan dinmiş
Yağmur yağmış, her yer yıkanmış
Vakit kaybetmeden yazmaya başladım

Bir ağacım, ormanda
Dallı budaklı
Suyumu bekler dururum
Gövdemde adın yazılı

Dudağımda bir damlan denize döndü
Şiirler yazdım sana, okur musun? Söyle
Yüreğimde her şeyin, koruyup sevdim
Uzanıp ellerimden tutar mısın? Söyle",E7fwlvzJYx0
29,Şebnem Ferah,Perdeler,Korkarak Yaşıyorsan,"""Korkarak Yaşıyorsan""

Öyle bir hayat yaşadım ki
Cenneti de gördüm cehennemi de
Öyle bir aşk yaşadım ki
Tutkuyu da gördüm pes etmeyi de

Bazıları seyrederken hayatı en önden
Kendime bir sahne buldum, oynadım
Öyle bir rol vermişler ki
Okudum, okudum, anlamadım

Kendi kendime konuştum bazen evimde
Hem kızdım hem güldüm halime
Sonra dedim ki, ""Söz ver kendine""

""Denizleri seviyorsan dalgaları da seveceksin
Sevilmek istiyorsan önce sevmeyi bileceksin
Uçmayı seviyorsan düşmeyi de bileceksin
Korkarak yaşıyorsan yalnızca hayatı seyredersin, seyredersin""

Öyle bir hayat yaşadım ki
Son yolculukları erken tanıdım
Öyle çok değerliymiş ki zaman
Hep acele etmem bundan, anladım

Kendi kendime konuştum bazen evimde
Hem kızdım hem güldüm halime
Sonra dedim ki, ""Söz ver kendine""

""Denizleri seviyorsan dalgaları da seveceksin
Sevilmek istiyorsan önce sevmeyi bileceksin
Uçmayı seviyorsan düşmeyi de bileceksin
Korkarak yaşıyorsan yalnızca hayatı seyredersin, seyredersin""",MZxzdHeWEIw
30,Şebnem Ferah,Kelimeler Yetse,İyi-Kötü (Dans Pisti),"""İyi Kötü""

Biriyle fena halde konuşmaya ihtiyacım var
Biriyle fena halde dertleşmeye...
Evimde ne sıcak bir tabak yemeğim var
Ne de televizyonun sesinden başka ses

Ama içimde bi yerlerde sabır taşı gizli sanki
Doğduğum günden bugüne or'da duruyor
Sessiz bir kaya düşün, deniz kıyısında yalnız
Dalgalara göğüs gerip soğuktan üşüyor

Ne ahlak ne de sevgi gökten dünyaya indi
İnsanlık istedi, keşfetti hepsini
Dün doğmuş bir bebeğe bile girebilen mikrop misali
İçimizde hem kötü var hem iyi

Hangisi daha güçlü diye beklemektense
Heyecanla attım kendimi dans pistine

Ayrı ayrı hepsiyle dans edecektim
Biraz sohbet ederek çözmeyi deneyecektim
Neden böyle olmuşuz, nerelerde kaybolmuşuz
Aklımdaki soruların hepsini soracaktım

""Senin ne haddine böyle şeylerle uğraşmak?""
Diye soran hazırcı tembel sen misin?
Böyle yaşlanmak olmaz; seninki eskimek, çökmek
Ruhu küskün, bomboş bir bedensin

Kelimeler yetse daha neler neler buldum
Elimle koymuş gibi, huzurluyum
Geniş ve loş bir yer istersen sen de bir uğra
Doğru, yanlış, iyi, kötü herkes or'da

Hangisi daha güçlü diye beklemektense
Heyecanla attım kendimi dans pistine

Ayrı ayrı hepsiyle dans edecektim
Biraz sohbet ederek çözmeyi deneyecektim
Neden böyle olmuşuz, nerelerde kaybolmuşuz
Aklımdaki soruların hepsini soracaktım

Ayrı ayrı hepsiyle dans edecektim
Biraz sohbet ederek çözmeyi deneyecektim
Neden böyle olmuşuz, nerelerde kaybolmuşuz
Aklımdaki soruların hepsini soracaktım",LDd-k6a4WjU
31,Şebnem Ferah,Kelimeler Yetse,Babam Oğlum,"""Babam Oğlum""

Bu akşam, sanki hiç ayrılmamışız gibi hissetmek istedim
En sevdiğin kot pantalonumla en sevdiğin lacivert tişörtümü giydim
Güzel bir akşam yemeği hazırladım, beraber aldığımız mumları yaktım
Şarap açtım; bir sana, bir bana, iki kadeh çıkardım

Sevgilim ve dostum; babam, oğlum
Arkadaşım, aşkım; her şeyimdin sen
Çok zaman geçti gitti ikimizden
Özür dilerim, seni üzdüysem
Sadece dinle, hiçbir şey düşünmeden
Şimdi bunlar geldi içimden

Bu akşam seni çok özledim
Bütün şarabı tek başıma içtim
Kırgınlığım bile geçti, kalmadı
Şimdi bunlar geldi içimden

Bu akşam, sanki hiç beni kırmamışsın gibi hissetmek istedim
En son tatilimizi düşündüm, ayrılmadan yirmi gün önce
Dünyanın en güzel şehirlerinden birinde, yürüdük kilometrelerce
İz bıraktık kaldırımlarda, otelde, caddelerde

Sevgilim ve dostum; babam, oğlum
Arkadaşım, aşkım; her şeyimdin sen
Çok zaman geçti gitti ikimizden
Özür dilerim, seni üzdüysem
Sadece dinle, hiçbir şey düşünmeden
Şimdi bunlar geldi içimden

Bu akşam seni çok özledim
Bütün şarabı tek başıma içtim
Kırgınlığım bile geçti, kalmadı
Şimdi bunlar geldi içimden

Bu akşam, sanki hiç aldatmamışsın gibi hissetmek istedim
Uyurken bile özlerdik birbirimizi delicesine
Düşündüm durdum, sordum, anlamadım
Beraber yaptığımız şeyleri andım
Seni son kez özledim ve bu şarkıyı yazdım",MNnMaOqafrM
32,Şebnem Ferah,Kelimeler Yetse,Ben Şarkımı Söylerken,"""Ben Şarkımı Söylerken""

İçimde bir ateş yanıyor
Bedenim dar gelir oldu
Ateşime ister körüklerle gel, ister suyla
İstediğin kadar konuş benimle
İstediğin kadar yalan söyle
Beni ben yapan içimdeki sesleri susturamazsın
İçine girdiğin küçük, kaygan deliği
Yeni ve büyük bir dünya mı sandın?
İstersen bir aynayla yardım edeyim
Ama umursamazsın

Merak etmeden duramıyorum
Geceleri nasıl uyuyorsun?
Beni boş ver, kendine cevap ver
Lütfen bu kez dürüst olur musun?

Ben şarkımı söylerken istersen sesi açarsın
İstersen kısıp bunu da yok sayarsın
Kim bilir; belki gülümser, belki ağlarsın
Yüreğimdeki sesleri susturamazsın

Bir yanım seni hala düşünüyor
Bir yanım sana fena kızgın
Yalnız sen ve ben biliyoruz olanları, unutturamazsın
Sakın nefret ettiğimi düşünme
Bende böyle duygular barındıramazsın
Geçmiş hiç yaşanmamış gibi davransan da baştan yazamazsın

Merak etmeden duramıyorum
Geceleri nasıl uyuyorsun?
Beni boş ver, kendine cevap ver
Lütfen bu kez dürüst olur musun?

Ben şarkımı söylerken istersen sesi açarsın
İstersen kısıp bunu da yok sayarsın
Kim bilir; belki gülümser, belki ağlarsın
Yüreğimdeki sesleri susturamazsın",LylIwh-jkOg
33,Şebnem Ferah,Kelimeler Yetse,Senin Adın Ne,"""Senin Adın Ne""

Bir adım daha gelirsen üstüme
Bütün iyi niyetim anlamsız kalacak
Son bir kez daha atarsan üstüme
Zehirli oklarından, sana dönecek

Sus pus durmam, sakinliğimden
İnsaniyetle çözmeyi sevdiğimden
İlle de savaşmaksa istediğin
Cesaretin var mı, yenik düşecek?

Bildiğin tek yol savaşmaksa
Aklınla kalbin bir türlü buluşmuyorsa

Senin adın ne? Bana ismini söyle
Senin adın ne? Bana ismini söyle
Senin adın ne? Önce ismini söyle
Neden böyle nefret dolusun? Söyle
Senin derdin ne? Önce derdini söyle
Neden böyle nefret dolusun? Söyle

Neden önce adını sordum, biliyor musun?
Biraz kendine dönmen daha iyi olacak
Bir adım daha atmadan önce
Yolun nerde bitiyor, baksan iyi olacak

Çok mu anlamsız geldi, adını sormam?
Kim olduğunu unutmandan olacak
Gördün mü? Hala anlamaya çabalıyorum
İyi niyet suyumdan, kurumuş vadin ıslanacak

Bildiğin tek yol savaşmaksa
Aklınla kalbin bir türlü buluşmuyorsa

Senin adın ne? Bana ismini söyle
Senin adın ne? Bana ismini söyle
Senin adın ne? Önce ismini söyle
Neden böyle nefret dolusun? Söyle
Senin derdin ne? Önce derdini söyle
Neden böyle nefret dolusun? Söyle",r_5nSMj8NM0
34,Şebnem Ferah,Kelimeler Yetse,Gözlerimin Etrafındaki Çizgiler,"""Gözlerimin Etrafındaki Çizgiler""

Gözlerimin etrafındaki çizgiler
Artık belli oluyor
Bütün o çizgiler son bir yılda oldu
Sana, bana, bize ağlarken

Ben Leyla olmuşum, kimin umrunda
Mecnun çoktan gitmişken?
Bu ne garip bir yangındı böyle
Sen söndün, ben yanarken

Peki ben neden hala böyleyim?
Neden hala geçmişteyim?
Belki de ben sana hala...

Aşığım
İşte tam bur'da, karşındayım
Ya şimdi tut elimden
Ya da bir daha söz etme özlemekten

Ben sana hala aşığım
İşte tam bur'da, karşındayım
Ya şimdi tut elimden
Ya da bir daha söz etme özlemekten
Çok, çok, çok karışığım zaten, of

Ruhum iki ucun arasında
Gezinip duruyor
Bugün zaman akmasın, dursun
Ben içinden geçeceğim

Ama neden, neden hala böyleyim?
Neden hala geçmişteyim?
Belki de ben sana hala...

Aşığım
İşte tam bur'da, karşındayım
Ya şimdi tut elimden
Ya da bir daha söz etme özlemekten

Ben sana hala aşığım
İşte tam bur'da, karşındayım
Ya şimdi tut elimden
Ya da bir daha söz etme özlemekten
Çok, çok, çok karışığım zaten, of

Ben sana hala aşığım
İşte tam bur'da, karşındayım
Ya şimdi tut elimden
Ya da bir daha söz etme özlemekten

Ben sana hala aşığım
İşte tam bur'da, karşındayım
Ya şimdi tut elimden
Ya da bir daha söz etme özlemekten
Çok, çok, çok karışığım zaten, of",Wq5HFg6KGFk
35,Şebnem Ferah,Kelimeler Yetse,Çocukken Sahip Olduğum Kırmızı Rugan Ayakkabılar,"""Çocukken Sahip Olduğum Kırmızı Rugan Ayakkabılar""

Öyle şeyler söyleyebilmek isterdim ki, anlatabilmek
Her kelimesi seni çeksin, saklasın bir yerlerde derin, of, derin, of
Öyle şeyler gösterebilmek isterdim ki, resmedebilmek
Rüzgar olmak isterdim ki eseyim etrafında serin of, serin, of

Bu bir rüya, bu bir dua
Ne dersen de, öyle olsun

Rüzgara karşı uçmaya çalıştım
Gözlerim kapalı seni aradım, seni aradım
Körebe oynar gibi; el yordamıyla, sezgiyle

Çocukken sahip olduğum kırmızı rugan ayakkabılar
Onlar da senin gibi, çok tatlıydılar
Ama canımı yakardılar, acıtırdılar

Öyle bir ilaç bulabilmek isterdim ki, kurtulabilmek
Aşka dair bıraktığın korkulardan ama yaram çok derin, of, derin, of
Bıçakla keser gibi kesip atabilmek bütün her şeyi
Kesebiliyorsan ruhumu, dene; duygularımı, yüreğimi, beni, of, beni, of

Bu bir rüya, bu bir dua
Ne dersen de, öyle olsun

Rüzgara karşı uçmaya çalıştım
Gözlerim kapalı seni aradım, seni aradım
Körebe oynar gibi; el yordamıyla, sezgiyle

Çocukken sahip olduğum kırmızı rugan ayakkabılar
Onlar da senin gibi, çok tatlıydılar
Ama canımı yakardılar, acıtırdılar

Rüzgara karşı uçmaya çalıştım
Gözlerim kapalı seni aradım, seni aradım
Körebe oynar gibi; el yordamıyla, sezgiyle

Çocukken sahip olduğum kırmızı rugan ayakkabılar
Onlar da senin gibi, çok tatlıydılar
Ama canımı yakardılar, acıtırdılar",JKEun2L8848
36,Şebnem Ferah,Kelimeler Yetse,Mayın Tarlası,"""Mayın Tarlası""

Mayın tarlasında dolaşıp durmuşum, aşk sanıp da
Herkes arkamdan bağırmış, kimseyi duymamışım
Savaş filmlerinde olur ya, yaralı yaralı devam etmişim
Sonuna kadar aşk ya, yanımdasın sanmışım
Mayın tarlasında yürüyüp durmuşum, aşk sanıp da
Tel örgülerde durmamış, bi' delikten geçmişim
Her şey bana ""Dur"" demiş; kulağım darbe almış, duymamışım
Sonuna kadar aşk ya, sadece inanmışım

(Oh) Koşmuşum, düşmüşüm, kalkmışım
Sevişmek, sevmekten gelir, inanmışım
(Oh) Elimden tuttuğunda öyle bi' güvenmişim ki
Bize bi' şey olmaz sanmışım (Hep sanmışım)

Mayın tarlasında bir adam sevmişim, aşk sanıp da (Aşk sanıp da)
Soyunup korkusuzca, çırılçıplak kalmışım
Aşk filmlerinde olur ya, işte öyle sevmişim sonunda
Bedenim sağlam bulunmuş, yüreğim paramparça

Mayın tarlasında dolaşıp durmuşum, aşk sanıp da
Herkes arkamdan bağırmış, kimseyi duymamışım
Savaş filmlerinde olur ya, yaralı yaralı devam etmişim
Sonuna kadar aşk ya, yanımdasın sanmışım

(Oh) Koşmuşum, düşmüşüm, kalkmışım
Sevişmek, sevmekten gelir, inanmışım
(Oh) Elimden tuttuğunda öyle bi' güvenmişim ki
Bize bi' şey olmaz sanmışım (Hep sanmışım)

Mayın tarlasında bir adam sevmişim, aşk sanıp da
Soyunup korkusuzca, çırılçıplak kalmışım
Aşk filmlerinde olur ya, işte öyle sevmişim sonunda
Bedenim sağlam bulunmuş, yüreğim paramparça
Mayın tarlasında bir adam sevmişim, aşk sanıp da (Aşk sanıp da)
Soyunup korkusuzca, çırılçıplak kalmışım
Aşk filmlerinde olur ya, işte öyle sevmişim sonunda
Bedenim sağlam bulunmuş, yüreğim paramparça",ihqJZgr6Ex4
37,Şebnem Ferah,Kelimeler Yetse,Gözyaşlarımızın Tadı Aynı,-,I5RI-nbQL0A
38,Şebnem Ferah,Kelimeler Yetse,Daha İyi Olmaz Mıydı,"""Daha İyi Olmaz Mıydı""

Ben otuz yaşında, hayatın ortasında
Küçücük şeylerle mutlu olmanın peşinde
Bazen bir şarkıda, bazen de sokaklarda
Hayat bulan genç bir kadınım

Sen erkektin, ben de kadın
Gittiğinde yarım kaldım sandığın
Sana çok bağlıydım
Ama bağımlı değildim

Ardında bıraktığın karmaşayı
Kökünden tamamen kazıdım
Biraz uzun sürdü
Ama adeta yenilendim

Bir kahve içseydik, sarılarak ayrılsaydık
Daha iyi olmaz mıydı?
Kaldığın bir otelden ayrılır gibi gitmeseydin
Daha iyi olmaz mıydı?
Sözü hiç uzatmadan doğruları söyleseydin
Daha kolay olmaz mıydı?
Ayrılmak yeterince zor, bunu zaten biliyordun
Ama hayatımın en kötü günü haline getirmeseydin
Daha iyi olmaz mıydı?

Ben başı önünde, rüzgar ner'den eserse
""Evet"" diyen biri olamam
İçimden gelen sesi dinlerim durmadan
İster çok güçlü ol ister kahraman

Ben istemez miydim, seni andığımda gülümseyebilmeyi?
Sana çok bağlıydım ama bağımlı değildim
Elbette beni sonsuza dek sevmek zorunda değildin
Sahibin değildim, sadece sevgilindim

Bir kahve içseydik, sarılarak ayrılsaydık
Daha iyi olmaz mıydı?
Kaldığın bir otelden ayrılır gibi gitmeseydin
Daha iyi olmaz mıydı?
Sözü hiç uzatmadan doğruları söyleseydin
Daha kolay olmaz mıydı?
Ayrılmak yeterince zor, bunu zaten biliyordun
Ama hayatımın en kötü günü haline getirmeseydin
Daha iyi olmaz mıydı?",nnFhWNjkG_c
39,Şebnem Ferah,Kelimeler Yetse,"Her Şey İnsanlar İçin (Deli Kızım Uyan, 2. Bölüm)","""Her Şey İnsanlar İçin""

Çok parçalandım
Parçalandıkça çoğaldım diye inanmazsam
Nasıl yaşarım, nasıl yaşarım

Bir gün daha bitti...
Ama yarın yeni bir gün diye inanmazsam
Nasıl yaşarım, nasıl yaşarım?

Bu da gelir, geçer diye inanmazsam
Nasıl yaşarım, nasıl yaşarım, nasıl yaşarım?

Her şey insanlar için
Görmek, öğrenmek için
Bazen zor da olsa
Her şey insanlar için
Umut doğurmak için
Hayatla seviştim

Her şey insanlar için
Görmek, öğrenmek için
Bazen zor da olsa
Her şey insanlar için
Umut doğurmak için
Hayatla seviştim

Hiçbir şey boşuna yaşanmamıştır diye inanmazsam
Nasıl yaşarım, nasıl yaşarım?

Uyuyordum
Gözüm açıldı, uyandım diye inanmazsam
Nasıl yaşarım, nasıl yaşarım?

Bu da gelir, geçer diye inanmazsam
Nasıl yaşarım, nasıl yaşarım, nasıl yaşarım?

Her şey insanlar için
Görmek, öğrenmek için
Bazen zor da olsa
Her şey insanlar için
Umut doğurmak için
Hayatla seviştim

Her şey insanlar için
Görmek, öğrenmek için
Bazen zor da olsa
Her şey insanlar için
Umut doğurmak için
Hayatla seviştim",-w-f_BdJCsE
40,Şebnem Ferah,Can Kırıkları,Okyanus,"""Okyanus""

Önümde ağır bir kapı
Ardında okyanus var
Ben zaten suda doğmuşum
Kapıyı açmam gerek

İşte o an biri geliyor
Tutuyor kulağımdan
Gözü anahtar deliğinde
""Bak..."" diyor, ""...sadece burdan""

""Bırak..."" diyorum, ""...o küçücük resmi
Yetmez bize bu küçük esinti
Ner'de törpülendin böyle?""
""Olmaz"" diyor, tutup ayak bileğimi

Şimdi önümde ağır bir kapı
Ardında okyanus var
Bir de bileğimden biri çekiyor
Benimse kapıyı açmam gerek

""Bak..."" diyorum koca dünyaya
""...Bur'dan derhal çıkmak gerek
Bari çekme bileğimden
Benim her şeyi görüp öğrenmem gerek""

Bir ileri bir geri
Her adım bu kapının ardı demek
Sonunda boğulmak olsa da
Benim o sularda yüzmem gerek

Anahtar deliğinden görünen
Bu küçücük manzara
Sana yetiyorsa yetsin
Benim o sularda yüzmem gerek
Yüzmem gerek

Şimdi önümde ağır bir kapı
Ardında okyanus var
Bir de bileğimden biri çekiyor
Benimse kapıyı açmam gerek

""Bırak..."" diyorum, ""...o küçücük resmi
Yetmez bize bu küçük esinti
Ner'de törpülendin böyle?""
""Olmaz"" diyor, tutup ayak bileğimi

Bir ileri bir geri
Her adım bu kapının ardı demek
Sonunda boğulmak olsa da
Benim o sularda yüzmem gerek
Anahtar deliğinden görünen
Bu küçük manzara
Yetiyorsa yetsin
Benim o sularda yüzmem gerek
Yüzmem gerek",EM77kxRpV9A
41,Şebnem Ferah,Can Kırıkları,Can Kırıkları,"""Can Kırıkları""

Bu kalabalığın içinde
Yapayalnız hissetmektense
Dünyanın bir ucunda tek başımayım
Kir göstermeyen renkleriniz sizin olsun
Korkmaktansa bulanıklığın tam içinde bir başımayım

Benim belki de gizli bir bildiğim var
Elbette ağlarım, benim can kırıklarım var
Senin gördüğün, yanağımdan süzülenler
Asıl içimde, içinde yüzdüğüm bir deniz var

Bu kalabalığın içinde
Yapayalnız hissetmektense
Dünyanın bir ucunda tek başımayım
Kir göstermeyen renkleriniz sizin olsun
Korkmaktansa bulanıklığın tam içinde bir başımayım

Benim belki de gizli bir bildiğim var
Elbette ağlarım, benim can kırıklarım var
Senin gördüğün, yanağımdan süzülenler
Asıl içimde, içinde yüzdüğüm bir deniz var

Benim belki de gizli bir bildiğim var
Elbette ağlarım, benim can kırıklarım var
Senin gördüğün, yanağımdan süzülenler
Asıl içimde, içinde yüzdüğüm bir deniz var
Benim belki de gizli bir bildiğim var
Elbette ağlarım, benim can kırıklarım var
Senin gördüğün, yanağımdan süzülenler
Asıl içimde, içinde yüzdüğüm bir deniz var",EcN6XD99NGU
42,Şebnem Ferah,Can Kırıkları,Bir Kalp Kırıldığında,"""Bir Kalp Kırıldığında""

Bir oyun oynayalım mı?
Herkes açsın kalbini
Oyun oynayalım mı?

Bir oyun oynayalım mı?
Herkes söylesin adını
Oyun oynayalım mı?

Her kalp bir büyük dünya
Ve bir kalp kırıldığında
Hayata dair ne varsa
Üzerinde o dünyanın
Başlar yok olmaya

Bir kalp kırıldığında
Denizler kurur, toprak küser
Denge kalmaz o dünyada
Her kalp kırıldığında
Bir yerlerde yolculuk başlar
Mavi renkten siyahlığa
Her bir kalp kırıldığında

Bir oyun oynayalım mı?
Çocuklar gibi beraber
Oyun oynayalım mı?

Bir oyun oynayalım mı?
Kırmayalım birbirimizi
Oyun oynayalım mı?

Her kalp ayrı bir dünya
Ve bir parça kristal, aynı zamanda
Bir de bilmeyerek değil ama
Bilerek kırılmışsa
Artık acı da duymaz, başlar yok olmaya

Bir kalp kırıldığında
Denizler kurur, toprak küser
Denge kalmaz o dünyada
Her kalp kırıldığında
Yolculuk başlar mavi renkten
Siyahlığa, karanlığa
Her bir kalp kırıldığında

Bir kalp kırıldığında
Denizler kurur, toprak küser
Denge kalmaz o dünyada
Her kalp kırıldığında
Yolculuk başlar mavi renkten
Siyahlığa, karanlığa

Bir kalp kırıldığında
Denizler kurur, toprak küser
Denge kalmaz o dünyada
Her kalp kırıldığında
Yolculuk başlar mavi renkten
Siyahlığa, karanlığa
Her bir kalp kırıldığında",Nu9hjH0K7Oo
43,Şebnem Ferah,Can Kırıkları,Delgeç,"""Delgeç""

Gel, bir parçam ol kanımdan, canımdan
Gel, bir parça al ekmeğimden, suyumdan

Ben zaten düşmüşüm
Kaldırımlar yatağım olmuş
Gel, bir de sen vur
Hadi gel, bir de sen vur

Ben zaten düşmüşüm
İçim dışım korku dolmuş
Gel, bir de sen vur
Hadi gel

Nasıl olsa alıştım ben bu sert rüzgarlara
Bu sert iklimli ıssız hayata
Delgeç gibi deleceksin sen de ruhumu
Biliyorum, durma
Gel, bir de sen vur
Bir de sen vur
Gel, bir de sen vur
Bir de sen vur

Gel, bir parçam ol kanımdan, canımdan
Gel, bir parça al ekmeğimden, suyumdan

Ben zaten düşmüşüm
Kaldırımlar yatağım olmuş
Gel, bir de sen vur
Hadi gel, bir de sen vur

Ben zaten düşmüşüm
İçim dışım korku dolmuş
Gel, bir de sen vur
Hadi gel

Nasıl olsa alıştım ben bu sert rüzgarlara
Bu sert iklimli ıssız hayata
Delgeç gibi deleceksin sen de ruhumu
Biliyorum, durma
Gel, bir de sen vur
Hadi gel, bir de sen vur
Gel, bir de sen vur
Hadi gel, bir de sen vur

Nasıl olsa alıştım ben bu sert rüzgarlara
Bu sert iklimli ıssız hayata
Delgeç gibi deleceksin sen de ruhumu
Biliyorum, durma
Gel, bir de sen vur
Hadi gel, bir de sen vur
Gel, bir de sen vur
Hadi gel, bir de sen vur",LOTP4Vqe5ZE
44,Şebnem Ferah,Can Kırıkları,Geçmişe Yolculuk,"""Geçmişe Yolculuk""

Bugün kendimi kuru yapraklarla kaplı
Çıkmaz bir sokağa benzetiyorum
Sadece o sokakta yaşayanlar
Üzerimden gelip geçiyor

Bugün kendimi odalarından çoğu boş
Bazen dolan bir otel gibi hissediyorum
İçimden ne hayatlar, ne hikâyeler, ne aşklar
Geçip gidiyor

Ben böyle değildim
Ne zaman kayboldum?
Rüzgârla dans ederdim
Ne zaman savruldum?

Bir ses duydum
Geçmiş zamandan
Bir ses duydum
Küçük bir kızdan

Bir bilet istiyorum
Sadece gidiş olsun
Çocukluğun saflığına
Gidip or'da yaşamam gerek

Bilet istiyorum
Tek kişilik olsun
Yarına çıkabilmem için
Heyecanı hatırlamam gerek

Bugün kendimi parktaki bir bank gibi
Sessiz ve sabit hissediyorum
Geceleri üzerimde şehrin ışıkları
Yatıp uyuyor

Bugün kendimi tonlarca yük taşıyan
Gemilerin denizi gibi hissediyorum
Kaldırma kuvvetim var
Ama şehrin atıkları içime akıyor

Ben böyle değildim
Ne zaman kayboldum?
Rüzgârla dans ederdim
Ne zaman savruldum?

Bir ses duydum
Geçmiş zamandan
Bir ses duydum
Küçük bir kızdan

Bir bilet istiyorum
Sadece gidiş olsun
Çocukluğun saflığına
Gidip or'da yaşamam gerek

Bilet istiyorum
Tek kişilik olsun
Yarına çıkabilmem için
Heyecanı hatırlamam gerek, of

Bir bilet istiyorum
Çocukluğun saflığına

Bilet istiyorum
Tek kişilik olsun
Yarına çıkabilmem için
Heyecanı hatırlamam gerek, of",sHNExnuaXfo
45,Şebnem Ferah,Can Kırıkları,Ben Bir Mülteciyim (Güç),"""Ben Bir Mülteciyim (Güç)""

Ben bir mülteciyim
Kendi yüreğimden başka
Sığınacak yerim yok, yurdum yok
Ben bir mülteciyim
Yüreğime sığındım
Bur'da savaş çıksa bile
Ölen yok

Tüm hayallerin sonsuzluğa ve
Sona erebildiği yerdeyim
Tüm niyetlerin, bedenleri varmışçasına
Görülebildiği bir yerdeyim

Ben bir mülteciyim
Yüreğimde yaşıyorum
Esir değil, kul hiç değil
Kendimde yaşıyorum
Ben bir mülteciyim
Bur'da aslında sınır yok
Kazanmak, kaybetmek yok
Bu güçten daha büyük güç yok

Artık eminim
Herşey içimde filizlenip
İstersem büyüyor, bakmazsam çürüyor
Aşil topuğum aşktı
Başka yüreklerde mutlu olmadım, yaşayamadım
Oysa içimde ne ok var ne de atan
Ne yön ne arka, ön
İster yaşa ister sön

Ben bir mülteciyim
Yüreğimde yaşıyorum
Esir değil, kul hiç değil
Kendimde yaşıyorum
Ben bir mülteciyim
Bur'da aslında sınır yok
Kazanmak, kaybetmek yok
Bu güçten daha büyük güç yok

Ben bir mülteciyim
Kendi yüreğimden başka
Sığınacak yerim yok yurdum yok
Tüm kitapların arasında
Kurutulup saklanan
Anılarla dolu bir yerdeyim
Tüm sözcüklerin
Cümlelerden kurtulmuş gibi
İncitmeden özgür kalabildiği yerdeyim

Ben bir mülteciyim
Yüreğimde yaşıyorum
Esir değil, kul hiç değil
Kendimde yaşıyorum
Ben bir mülteciyim
Bur'da aslında sınır yok
Kazanmak, kaybetmek yok
Bu güçten daha büyük güç yok",bjLXnZMm6gI
46,Şebnem Ferah,Can Kırıkları,Sana Bilmediğin Bir Şey Söyleyemem,"""Sana Bilmediğin Bir Şey Söyleyemem""

Suyun derinliği aynıydı
Ama senin beline, benimse omuzlarıma geliyordu
Bütün yapraklar sararıp düşecekti
Ama ilk ben düştüm, kalanlar arkamdan korkuyla baktı

Bütün aşklar çok büyük olacaktı
Ama en büyük bizimkisi diyecektik
Her bir insan eşsiz olacaktı
Ama hep kendimizi en değerli zannedecektik

Çamur mu sürmek istiyorsun başkasının duygularına?
Önce senin ellerin kirlenecek
Suyla mı gidiyorsun bir başkasının yanan yüreğine?
O yürekte hep yerin olacak

Sana bilmediğin bir şey söyleyemem
Ben de hiçbir şey bilmiyorum
Ne kadar iyilik varsa, hepimiz için
Hepsini dileyip gerisine direniyorum

Çok sonraları fark edecektik
İyilik, temizlik bile göreceli olacaktı
O kadar hızlı kirlenecektik ki
Masumiyet fotoğraflarda eskiyip solacaktı

Korkuyor musun, senden farklı olan her şeyden?
Korktuğun şey kendi içinde büyüyecek
Ortak mı oluyorsun bir başkasının yalnızlığına?
Yüreğin yalnızlık nedir bilmeyecek

Sana bilmediğin bir şey söyleyemem
Ben de hiçbir şey bilmiyorum
Ne kadar iyilik varsa, hepimiz için
Hepsini dileyip gerisine direniyorum

Sana bilmediğin bir şey söyleyemem
Ben de hiçbir şey bilmiyorum
Ne kadar iyilik varsa, hepimiz için
Hepsini dileyip gerisine direniyorum

Sana bilmediğin bir şey söyleyemem
Ben de hiçbir şey bilmiyorum
Ne kadar iyilik varsa, hepimiz için
Hepsini dileyip gerisine direniyorum",7l02yyBuneE
47,Şebnem Ferah,Can Kırıkları,Çakıl Taşları,"""Çakıl Taşları""

Benim çakıl taşlarım var irili ufaklı
Kaybolduğumda yere yayıp yol yaptığım
Çakıl taşlarım var her yerden topladığım
Boşluğa düştüğümde oyunlar yaratıp oynadığım

Benim bir sözlüğüm var, unutulmuş bir dil
Oysaki içinde her şeyin anlamı gizli
Benim bir gözlüğüm var, sol camı kırıldı
Taktığım zamanlarda içini gösteren adeta

Sen hiç ""hiç"" oldun mu? Birden duruldun mu?
Bulanıkmış, berrakmış; her suyu içtin mi?
Altında ağ olmadan yerden yükseldin mi?
Tam zevkine varmışken birden yere düştün mü sen?
Düştün mü sen?
Düştün mü sen?
Düştün mü sen?

Benim hiç boyanmamış dört duvarım var
Çatlaklarından sızıp içinden geçtiğim
Benim hiç yıkılmamış duvarlarım var
Dikkatle baktığımda ardını gördüğüm adeta

Sen hiç ""hiç"" oldun mu? Birden duruldun mu?
Bulanıkmış, berrakmış; her suyu içtin mi?
Altında ağ olmadan yerden yükseldin mi?
Tam zevkine varmışken birden yere düştün mü sen?
Düştün mü sen?
Düştün mü sen?
Düştün mü sen?

Benim bir hikayem var, sonunu yazmadığım
Benim bir sevgilim var, henüz tanışmadığım
Benim umudum var, benim umudum
Benim umudum var, benim umudum

Sen hiç ""hiç"" oldun mu? Birden duruldun mu?
Bulanıkmış, berrakmış; her suyu içtin mi?
Altında ağ olmadan yerden yükseldin mi?
Tam zevkine varmışken birden yere düştün mü sen?

Sen hiç ""hiç"" oldun mu? Birden duruldun mu?
Bulanıkmış, berrakmış; her suyu içtin mi?
Altında ağ olmadan yerden yükseldin mi?
Tam zevkine varmışken birden yere düştün mü sen?
Düştün mü sen?
Düştün mü sen?
Düştün mü sen?",CAAfeDIubGM
48,Şebnem Ferah,Can Kırıkları,Zaman Geçip Gidiyor,"""Zaman Geçip Gidiyor""

Bilgi sahibi olmadan
Fikirlerle dolmuşuz
Bir yerlerde bir çift elin tuttuğu
Silahta kurşun olmuşuz

Kalem sahibi olmadan
Kılıçlar kuşanmışız
Yaşayıp yaşatmak dururken
Hem ölmüş hem katil olmuşuz

Gözlerimiz var ama görmek istemedikçe
Yüreklerimiz var ama hissetmedikçe

Hiç ıslanmadan yüzmek
Ne kadar mümkünse
Hiç yanmadan ateşle
Ne kadar oynanabilirse

İçinde yaşamak varken
Teğet geçmek dünyaya
İşte bana öyle geliyor
Çünkü zaman geçip gidiyor

Avuçlarında hissetmek varken
Birinin ellerini
Sıkıca tutup sevmekten
Güvenmekten korkar olmuşuz

Kapıları kapatmak yetmemiş
Kepenkler indirmişiz
Bir küçük asma kilitle
İnsanı insan şerrinden sakınmışız

Gözlerimiz var ama görmek istemedikçe
Yüreklerimiz var ama hissetmedikçe

Hiç ıslanmadan yüzmek
Ne kadar mümkünse
Hiç yanmadan ateşle
Ne kadar oynanabilirse

İçinde yaşamak varken
Teğet geçmek dünyaya
İşte bana öyle geliyor
Çünkü zaman geçip gidiyor

Zamanımız var ama korkmayı sürdürdükçe
Ruhumuz var, teslim etmeden önce

Hiç ıslanmadan yüzmek
Ne kadar mümkünse
Hiç yanmadan ateşle
Ne kadar oynanabilirse

Içinde yaşamak varken
Teğet geçmek dünyaya
İşte bana öyle geliyor
Çünkü zaman geçip gidiyor",8ESGvxV9LzQ
49,Şebnem Ferah,Can Kırıkları,Hoşçakal,"""Hoşçakal""

Seni ararken kendimi kaybetmekten yoruldum
Bulduğumu zannettiğimde kendimden ayrı düştüm
Bu garip bir veda olacak çünkü aslında hep içimdesin
Ne kadar uzağa gitsem de gittiğim her yerde benimlesin
Söylenecek söz yok

Gidiyorum ben
Hoşça kal
Hoşça kal
Hoşça kal
Hoşça kal
Ben bir kısrak gibi gelmişim dünyaya
Şahlanıp koşmak içimde var
Hoşça kal

Biraz su, biraz yeşillik
Her yer benim evimdir
Taşırım dünyayı sırtımda
Her dil benim dilimdir
Ama söylenecek söz yok
Gidiyorum ben

Hoşça kal
Hoşça kal
Hoşça kal
Hoşça kal
Ben bir kısrak gibi gelmişim dünyaya
Şahlanıp gitmek içimde var
Hoşça kal

Hoşça kal
Hoşça kal
Hoşça kal
Hoşça kal
Ben bir kısrak gibi gelmişim dünyaya
Şahlanıp gitmek içimde var
Hoşça kal",diKKVF9fvkI
50,Şebnem Ferah,Benim Adım Orman,Merhaba,"""Merhaba""

Eğer olduğun gibi geleceksen
Olduğum gibi seveceksen
Merhaba, zamanın ellerinden
Merhaba, tut vakit kaybetmeden

Dünyanın bütün günlerinden
En güzel günü bugün olsun

Hayattan, hayallerinden, istediğinden bahset
Düşünden, düşündüklerinden hepsi olmuş farzet

Eğer olduğun gibi geleceksen
Olduğun gibi görüneceksen
Merhaba, zamanın gözlerinden
Merhaba, bak vakit kaybetmeden

Dünyanın bütün nehirlerinden
Sözlerimiz, seslerimiz aksın
Hayattan, hayallerinden, istediğinden bahset
Düşünden, düşündüklerinden hepsi olmuş farzet

Tam olduğun gibi, tam göründüğün gibi
Tam hissettiğin gibi, istediğin gibi

Hayattan, hayallerinden, istediğinden bahset
Düşünden, düşündüklerinden hepsi olmuş farzet

Hayattan, hayallerinden, istediğinden bahset
Düşünden, düşündüklerinden hepsi olmuş farzet",I2Uz1oUM9vw
51,Şebnem Ferah,Benim Adım Orman,Benim Adım Orman,"""Benim Adım Orman""

İçimden geçeceksen eğer
Bur'dayım, yürü üzerime
Ateş, şiir, hepsi benim, hazırım ben
Gel, gel, gel, gel

İstersen dinlen içimde
Köklerimden bir şarkı var dilimde
Çıplak ayaklarla gez her köşemde
Gel, gel, gel, gel

Benim adım orman
Örtü yaptım yapraklardan
Serdim herkesin üstüne
Biz hepimiz uyuduk, bittik yalnızlıktan

Yeşildim olabildiğince
Yaşlandım maviye değince
Hem gündüz hem gece aklına düşünce
Gel, gel, gel, gel

Benim adım orman
Örtü yaptım yapraklardan
Serdim herkesin üstüne
Sür yüzünü yüzüme, korkma yalnızlıktan

Benim adım orman
Örtü yaptım yapraklardan
Serdim herkesin üstüne
Sür yüzünü yüzüme, korkma yalnızlıktan",tcLuwHwqqpM
52,Şebnem Ferah,Benim Adım Orman,Yalnız,"""Yalnız""

Kim bilir neler neler geçti başından
Kimse böyle yalnız olamaz
Anlat birer birer, tut ellerimden
Kimse böyle küskün olamaz

Çizgi çizgi yüzünde, gölgeli gözlerinde
Ağır sessizliğinde neler neler var?
Ne hikayeler var?

Her bahar öncesinde kardelene dönüşmeyi
Kopmayı, koparılmayı anlat
Karanlıkla dans etmeyi, sonra ölmeye yatmayı
Kahpe dünyayı anlat, anlat

Titreyen çenende dünya devrilmiş
Kimse böyle üzgün olamaz
Gözlerin dolu dolu, hayatın da öyle
Kimse böyle yorgun olamaz

Hep göz pınarında duran o gözyaşında
Akmaya hazırlanan neler neler var?
Ne hikayeler var?

Her bahar öncesinde kardelene dönüşmeyi
Kopmayı, koparılmayı anlat
Karanlıkla dans etmeyi, sonra ölmeye yatmayı
Kahpe dünyayı anlat, anlat

Uzaklara dalıp gitme
Gözlerin de dolmasın
Kimse böyle yalnız olmasın

Her bahar öncesinde kardelene dönüşmeyi
Kopmayı, koparılmayı anlat
Karanlıkla dans etmeyi, sonra ölmeye yatmayı
Kahpe dünyayı anlat, anlat",90Mq7vf1J0A
53,Şebnem Ferah,Benim Adım Orman,İstiklal Caddesi Kadar,"""İstiklal Caddesi Kadar""

Alnımdan akan ter
Sana hiç değmedi
Gozümden damlayan yaş
Denizi bulmadı

Bir sokak gördüm rüyalarımda gecelerce
Hiç sana çıkmadı
Sadece yarım saat tutuştuk el ele
O saat durmadı

Düşünüyorum
Ne kadar sevmiş olabilirim
Düşünüyorum
Sen, ben, gece ve bir yol
Başka bir şey
Yok elimde, hafızamda
Düşünüyorum
Ne kadar yer etmiş olabilir

İstiklal Caddesi kadar
İstiklal Caddesi kadar

Anları birer birer
Topladım, sakladım
Tarihin ortasında
Gelecek aradım

Hücreme girdin, dokundun hücrelerime
Buluttum, damladım
Cümleler kaçtı, dağıldı dört bir tarafa
Sadece noktayım (Noktayım, noktayım, noktayım)

Düşünüyorum
Ne kadar sevmiş olabilirim
Düşünüyorum
Sen, ben, gece ve bir yol
Başka bir şey
Yok elimde, hafızamda
Düşünüyorum
Ne kadar yer etmiş olabilir

İstiklal Caddesi kadar
İstiklal Caddesi kadar

Düşünüyorum
Ne kadar sevmiş olabilirim
Düşünüyorum
Sen, ben, gece ve bir yol
Başka bir şey
Yok elimde, hafızamda
Düşünüyorum
Ne kadar yer etmiş olabilir

İstiklal Caddesi kadar
İstiklal Caddesi kadar",362o6ZpQumE
54,Şebnem Ferah,Benim Adım Orman,Eski,"""Eski""

Eski bir şiir
Eski bir hikaye
Eski bir ezgi
Var aklımda

Herkes hayattaydı
Bildiğim herkes
Hiç korku yoktu
Yoktu aklımda

Eski bir kitap
Eskimiş resimler
Eski bir şarkı
Var aklımda

Sevdiğim birini
Hiç kaybetmemiştim
Kaybetmek yoktu
Yoktu aklımda

Sıradan, basit bir günün uğruna
Hiç dua etmemiş, hiç yalvarmamıştım

Sen nasıl başardın?
Yüz yıllık ağaç gibisin
Nasıl böyle kaldın?
Büyürken eskimeyen
Eskise de değerlenen

Sen nasıl başardın?
Yüz yıllık ağaç gibisin
Nasıl böyle kaldın?
Yoksa sen de sadece
Öyle duranlardan mısın?

Eski bir oyun
Eski bir sokakta
Eski bir hırka
Var omzumda

Aşka inanırdım
Her hücremle
Hiçbir yük yoktu
Yoktu omzumda

Sıradan, güzel bir günün uğruna
Hiç dua etmemiş, henüz yalvarmamıştım

Sen nasıl başardın?
Yüz yıllık ağaç gibisin
Nasıl böyle kaldın?
Büyürken eskimeyen
Eskise de değerlenen

Sen nasıl başardın?
Yüz yıllık ağaç gibisin
Nasıl böyle kaldın?
Yoksa sen de sadece
Öyle duranlardan mısın?

Sen nasıl başardın?
Yüz yıllık ağaç gibisin
Nasıl böyle kaldın?
Büyürken eskimeyen
Eskise de değerlenen

Sen nasıl başardın?
Yüz yıllık ağaç gibisin
Nasıl böyle kaldın?
Yoksa sen de sadece
Öyle duranlardan mısın?",D7vJVklc0eI
55,Şebnem Ferah,Benim Adım Orman,Mahalle,"""Mahalle""

Kalbimin topraklarına mezarlar kazdın
Her birinin üstüne gökdelenler koydun
Aklımın yapraklarını bir bir kopardın
Binaların üst katlarına süslü teraslar yaptın

Geçer gider sandım
Geçmedi gitti

Kurduğun bu mahalle
Haritadan silindi
Kurduğun bu mahalle
Haritadan silindi

Aklımın sokaklarını arar sorarken
Kim bilir ben kaç kalp kırdım
Zamanın istasyonunu trenler geçerken
Kim bilir kaç kez kaçırdım

Kaç kez kaçırdım
Kaç kez kaçırdım
Kaç kez kaçırdım

Uykumun masallarını her gece anlattın
Dinledim defalarca, seni kahraman yaptım
Kurduğun mahallenin her sokağında
Utanmadım, gecelerce sövdüm saydım

Geçer gider sandım
Geçmedi gitti

Kurduğun bu mahalle
Haritadan silindi
Kurduğun bu mahalle
Haritadan silindi

Aklımın sokaklarını arar sorarken
Kim bilir ben kaç kalp kırdım
Zamanın istasyonunu trenler geçerken
Kim bilir kaç kez kaçırdım

Kaç kez kaçırdım
Kaç kez kaçırdım
Kaç kez kaçırdım

Aklımın sokaklarını arar sorarken
Kim bilir ben kaç kalp kırdım
Zamanın istasyonunu trenler geçerken
Kim bilir kaç kez kaçırdım

Kaç kez kaçırdım
Kaç kez kaçırdım
Kaç kez kaçırdım",FwQPKoZGcRg
56,Şebnem Ferah,Benim Adım Orman,Ateşe Yakın,"""Ateşe Yakın""

Bir mum yaktığım o akşam seni andım
Korkuyu savdığım her anı hatırladım

Gittiğin günden bugüne her şey aynı, sadece
Çok özledim, her kahraman gibi erken gittin

Gördüğüm en son ışık, parıltı sendin
Hep parlardın
Dinlendiğin o sarmaşık sonra soldu
Hep uçtun ateşe yakın

Bir kayık, iki kürek
Ay parlak, asil yürek
Biraz rakı, biraz azık
Belki hayat bu demek

Göçtüğün gün ben
Tesadüfen düşümde gördüm veda ederken

Çok özledim, her kahraman gibi erken gittin

Gördüğüm en son ışık, parıltı sendin
Hep parlardın
Dinlendiğin o sarmaşık sonra soldu
Hep uçtun ateşe yakın

Gördüğüm en son ışık, parıltı sendin
Hep parlardın
Dinlendiğin o sarmaşık sonra soldu
Hep uçtun ateşe...

Gördüğüm en son ışık, parıltı sendin
Hep parlardın
Dinlendiğin o sarmaşık sonra soldu
Hep uçtun ateşe yakın",kQ4bpBoz63o
57,Şebnem Ferah,Benim Adım Orman,Serapmış,"""Serapmış""

Güneş batınca fark ettim
Bütün hayallerim caddeye uzanmış
Tüm doğru bildiklerim asfalta akmış
Hepsi serapmış

Birileri var önümde, gerimde
Her yanımda, yüreğimde
Kalabalığın içinde, dışında
Her yerde, yalnızlığımda, ah

Karaya oturmuş eski bir gemide
Gölgesinden sıkılmış söğütte
Baktığım her yerde, her aynada
Mutluluktan sürülmüş
Sanki yasaklanmış biri var

Ellerinden içilmiş şarapta
Gözlerinden okunmuş şiirde
Baktığım her yerde, her aynada
Mutluluktan sürülmüş
Sanki yasaklanmış biri var, ah

Güneş batınca fark ettim
Bütün hayatım caddeye uzanmış
Yolun tam yarısında asfalta akmış
Her şey serapmış

Birileri var önümde, gerimde
Her yanımda, yüreğimde
Kalabalığın içinde, dışında
Her yerde, yalnızlığımda, ah

Karaya oturmuş eski bir gemide
Gölgesinden sıkılmış söğütte
Baktığım her yerde, her aynada
Mutluluktan sürülmüş
Sanki yasaklanmış biri var

Ellerinden içilmiş şarapta
Gözlerinden okunmuş şiirde
Baktığım her yerde, her aynada
Mutluluktan sürülmüş
Sanki yasaklanmış biri var",KsPjyhMPolA
58,Şebnem Ferah,Benim Adım Orman,İnsanlık,-,n1U59DDsAd0
59,Şebnem Ferah,Benim Adım Orman,Bazı Aşklar,"""Bazı Aşklar""

En son gördüğüm rüya
En son yazdığım şarkı

Hepsini sana anlatamazsam
Hepsini sana söyleyemezsem
Hepsini seninle paylaşamazsam
Eğer sen duymazsan

Yarım kalırlar
Yetim kalırlar
Küskün kalırlar
Aynı sen ve ben gibi

Sen ben bitmeyen şiir
Sen ben bitmeyen şarkı

Boynunun omzunla buluştuğu
Hem serin hem ılık çukurdan
Yavaş yavaş yudum yudum su içtim
Sonra kayboldum

Bazı aşklar
Yarım kalırlar
Küskün kalırlar
Aynı sen ve ben gibi

Bazı aşklar
Yarım kalırlar
Küskün kalırlar
Aynı sen ve ben gibi",5gqcp0VWMH4
60,Şebnem Ferah,Benim Adım Orman,Uçurtma,"""Uçurtma""

Gelmişim, geçmişim
Birden, aniden buharlaştı
Bol kitaplı bir odada
Dünya yavaşça önümde uzandı

Ben en güzel şarkımı henüz yazmadım
Ben en güzel şarkımı henüz yazmadım

Yel değirmeni, rüzgarla
Rüzgar, uçurtmayla geldi
Uçurtma, bir çocuğun gözünden
Dünyayı korkuyla seyretti

Kaldırımda bir güvercin
Birden yüz üstü yere uzandı
Kundağında kundaklanan bir ruh
Vicdanlardan göğe taştı

Ben en güzel şarkımı henüz yazmadım
Ben en güzel şarkımı henüz yazmadım

Yel değirmeni, rüzgarla
Rüzgar, uçurtmayla geldi
Uçurtma, bir çocuğun gözünden
Dünyayı korkuyla seyretti

Ben en güzel şarkımı henüz yazmadım
Ben en güzel şarkımı henüz yazmadım

Yel değirmeni, rüzgarla
Rüzgar, uçurtmayla geldi
Uçurtma, bir çocuğun gözünden
Dünyayı korkuyla seyretti

Yel değirmeni, rüzgarla
Rüzgar, uçurtmayla geldi
Uçurtma, bir çocuğun gözünden
Dünyayı korkuyla seyretti",eCnlOIoOsyM
61,Şebnem Ferah,Od,Kalbim Mezar,"""Kalbim Mezar""

Şimdi uyku vakti geldi, bir gün daha bitti
Bazen bir küçük prens, bazen bir kibritçi kız
Bir an, bin yıl; bir söz, bin ah
Aklım seyyah, rengim siyah oldu
Bazen bir küçük prens, bazen de bir kibritçi kız

Surlar ardında ışıl ışıl ağaçlı bulvar
Kime sorsan gösterir yerde bir yükselti var
Her şeyi gömdüm, kalbim mezar

Şimdi uyku vakti geldi, bir gün daha bitti
Bazen bir küçük prens, bazen bir kibritçi kız
Bir an, bin yıl; bir söz, bin ah
Aklım seyyah, rengim siyah oldu
Bazen bir küçük prens, bazen de bir kibritçi kız

Surlar ardında ışıl ışıl ağaçlı bulvar
Kime sorsan gösterir yerde bir yükselti var
Her şeyi gömdüm, kalbim mezar

Surlar ardında ışıl ışıl ağaçlı bulvar
Kime sorsan gösterir yerde bir yükselti var
Her şeyi gömdüm, kalbim mezar",1v_z0C6X50A
62,Şebnem Ferah,Od,Birileri Var,"""Birileri Var""

Sen hiç korkma, hiç utanma
Neysen öyle ol
Sen vazgeçme, sinme, küsme
Böyle masum kal

Birileri var, birileri var
Dünyanın çivisine, bugünün gerisine sahip çıkan birileri var
Birileri var
Masumun nefesini koruyan birileri var
Yeter ki hep böyle kal

Ne bugünden ne yarından ne de dünden kork
Bir varmışsın, bir yokmuşsun
Evvel yarın ol

Hâlâ birileri var, birileri var
Ruhunu, şerefini zalimin gölgesine satmayan birileri var
Birileri var
Masumun nefesini koruyan birileri var
Yeter ki hep böyle kal

Hâlâ birileri var, birileri var
Dünyanın çivisine, bugünün gerisine sahip çıkan birileri var
Birileri var
Masumun nefesini koruyan birileri var
Yeter ki hep böyle kal",XKEGPRscOFE
63,Şebnem Ferah,Od,Od,"""Od""

Hangi gündeyiz, hangi yılda?
Hangi evdeyim, hangi oda?

Zamanın dışına düştüm, dünyanın peşine
Hangi gündeyiz, hangi yılda?
Saat kaç oldu, sabah mı?
Aydınlık mıdır, karanlık mı?

Sönmeyen bir oda düştüm
Denizler dökseler
Hissetmez oldum
Yandım mı?

Taş üstünde taş yok, küller küllere
Omzumda baş yok, kafa tuttum mahşere
Taş üstünde taş yok, küller küllere
Omzumda baş yok, kafa tuttum mahşere

Hangi gündeyiz, hangi yılda?
Hangi şehirde, hangi yolda?

Zamanın dışına düştüm, her yerim yara bere
Hangi gündeyiz, hangi yılda?
Üstümde toprak, altımda gök
Avcumda tırnak, ruhumda kök

Hayattan bi' yere düştüm
Her taraf kan revan
Önce kalp durdu
Sonra zaman

Taş üstünde taş yok, küller küllere
Omzumda baş yok, kafa tuttum mahşere
Taş üstünde taş yok, küller küllere
Omzumda baş yok, kafa tuttum mahşere
Taş üstünde taş yok, küller küllere
Omzumda baş yok, kafa tuttum mahşere
Taş üstünde taş yok, küller küllere
Omzumda baş yok, kafa tuttum mahşere",yjMjul9ch0s
64,Şebnem Ferah,Od,Savaş Boyası,"""Savaş Boyası""

O gördüğün ruj değil, sürdüğüm
Savaş boyası
Artık tamamen eminim
Kah varsın kah yoksun
O gördüğün parfüm değil, sürdüğüm
Toprak kokusu
Artık tamamen eminim
Hem varsın hem yoksun

Cennet bu dünyadaymış derler
Önünden geçmişim
Köprüm hala sağlammış
Gördüm, üstünden geçmekteyim

Sen nasıl istersen öyle oynadık
Bir kez ters yüz olsun tüm her şey
Var mısın?

Sen nasıl istersen öyle oynadın
Şimdi ters yüz olsun tüm her şey
Var mısın?
Var mısın söyle?

O gördüğün rimel değil, sürdüğüm
Savaş boyası
Artık tamamen eminim
Kah varsın kah yoksun
O gördüğün pudra değil, sürdüğüm
Sahnenin tozu
Şimdi tüm dünya seyretsin
Bir varsın, bir yoksun

Cennet bu dünyadaymış derler
Reddetmiş, terk etmişim
Köprüm hala sağlammış
Geldim, üstünden geçmekteyim

Sen nasıl istersen öyle oynadık
Bir kez ters yüz olsun tüm her şey
Var mısın?

Sen nasıl istersen öyle oynadın
Şimdi ters yüz olsun tüm her şey
Var mısın?
Var mısın söyle?",bORSXZ9JTvg
65,Şebnem Ferah,Od,Bin Yıldır,"""Bin Yıldır""

Günahlarla dans ettim
Hazlardan yaprak takvim
Yaşıma büyük geldi ömrüm

Toprağın cömertliği
Rengi kor, rengi haki
Sen o toprağı gel bana sor

Bin yıldır yaşıyorum
Sormayın kaç yaşındayım
Bin yıldır bu dünyadayım
Hesap edin kaç yaşındayım

Günahlarla dans ettim
Hazlardan yaprak takvim
Yaşıma büyük geldi ömrüm

Yüzümden yastık izim
Yağmurda ayak izim
Ruhum sana çökmez dizin'

Bin yıldır yaşıyorum
Sormayın kaç yaşındayım
Bin yıldır bu hayattayım
Hesap edin kaç yaşındayım

Bin yıldır yaşıyorum
Sormayın kaç yaşındayım
Bin yıldır bu hayattayım
Hesap edin kaç yaşındayım",5LAqBBx5s04
66,Şebnem Ferah,Od,Ya Hep Ya Hiç,"""Ya Hep Ya Hiç""

Ya hep ya hiç, ya gel ya git
Ya az ya çok, ya var ya yok
Bugün beni ya sev ya terk et

Yakın, uzak, iyi, kötü
Yaşa ya da unut dünü
Bugün beni ya sev ya terk et

Ya içindesin ya dışında
Nasıl olurdu diye meraktansa

Kazansak da kaybetsek de
Denemeye değmez mi?
İkimiz de yorgunsak da
Denemeye değmez mi?

Ya hep ya hiç, ya gel ya git
Ya az ya çok, ya var ya yok
Bugün beni ya sev ya terk et

Yakın, uzak, iyi, kötü
Yaşa ya da unut dünü
Bugün beni ya sev ya terk et

Ya içindesin ya dışında
Nasıl olurdu diye meraktansa

Kazansak da kaybetsek de
Denemeye değmez mi?
İkimiz de yorgunsak da
Denemeye değmez mi?

Kazansak da kaybetsek de
Denemeye değmez mi?
İkimiz de yorgunsak da
Denemeye değmez mi?

Kazansak da kaybetsek de
Denemeye değmez mi?
İkimiz de yorgunsak da
Denemeye değmez mi?",jUteDtPQ_ug
67,Şebnem Ferah,Od,Utangaç,"""Utangaç""

Nasıl oluyor da bir sana söyleyemiyorum
Tüm dünyaya söylediklerimi
Söylediklerimi bir sana söyleyemiyorum

Nasıl oluyor da bir sana anlatamıyorum
Şarkılarda anlattıklarımı
Anlattıklarımı bir sana anlatamıyorum

Söyle, nasıl oluyor hem böyle utangaç?
Söyle, nasıl oluyor hem böyle utanmaz?
Yıldızlar kayıyor, saçlarım altın taç
Sonra sönüyor, yorgun, suçsuz ve aç

Hem utanmaz hem utangaç
Hem utanmaz hem utangaç

Nasıl oluyor da yanında ben olamıyorum
Bir yabancıyla en yakın olurken
En yakın olurken yanında ben olamıyorum

Nasıl oluyor da ilk önce binlerce insana çığlıklarla
Seni sevdiğimi
Seni sevdiğimi ilk önce sana söyleyemiyorum

Söyle, nasıl oluyor hem böyle utangaç?
Söyle, nasıl oluyor hem böyle utanmaz?
Yıldızlar kayıyor, saçlarım altın taç
Sonra sönüyor, yorgun, suçsuz ve aç

Işık yılları geçerken
Yolculuk salıncaktayken
Yerden göğe sallanırken
Dünyayla sevişirken

Söyle, nasıl oluyor hem böyle utangaç?
Söyle, nasıl oluyor hem böyle utanmaz?
Yıldızlar kayıyor, saçlarım altın taç
Sonra duruyor, yorgun, suçsuz ve aç

Nasıl?
Hem utanmaz hem utangaç",bnSnC46_4dM
68,Şebnem Ferah,Od,Yarım,"""Yarım""

Ezelim başkalarının şimdisi
Ecelimse yalnızlıktan
Baştan sona değil, sondan başa
Yaşadım sanki, kaçtım yarından

Her ilaç biraz zehir
Her zehir biraz ölüm
Ve sonunda ben bugün öldüm

Herkes gibi en sonunda değil
Küçücükken, en başında
İlk aşk gibi değil sadece
O mühür sanki tenimin altında

Her ilaç biraz zehir
Her zehir biraz ölüm
Ve sonunda ben bugün öldüm

İşte ben tam bu yüzden yarım kaldım, yarım
İşte ben tam bu yüzden yarım kaldım, yarım
Hep yarım

Kırık dökük hikayelerle
Noktasız cümlelerle
Ertelenmiş, yaşanmamış
Kurulmamış hayallerle

Her ilaç biraz zehir
Her zehir biraz ölüm
Ve sonunda ben bugün öldüm

İşte ben tam bu yüzden yarım kaldım, yarım
İşte ben tam bu yüzden yarım kaldım, yarım
Hep yarım

İşte ben tam bu yüzden yarım kaldım, yarım
İşte ben tam bu yüzden yarım kaldım, yarım
İşte ben tam bu yüzden yarım kaldım, yarım
İşte ben tam bu yüzden yarım kaldım, yarım
Hep yarım",dQmXilbt0Vw
69,Şebnem Ferah,Od,Girdap,"""Girdap""

Ya sen beni girdap gibi içine çekip yutacaktın
Ya da ben öyle derin bir nefes alacaktım ki
Her şeyi içime çekecek, içime atacak, or'da saklayacaktım
Bir anda oyuncağın paramparça
Pelerinini savurarak karşıdan gel
Ya da ayak ucunda sessizce arkamdan yaklaş
Pelerinini savurarak karşıdan gel
Ya da ayak ucunda sessizce arkamdan yaklaş
Derim kalın mıdır, incecik mi?
Çelikten üstüm başım paslı, kirli
Bildiklerim, bilmediklerim gelsin bütün silahlarıyla
Tek bildiğim var, kurşun geçirmem

Ya sen beni girdap gibi içine çekip yutacaktın
Ya da ben öyle derin bir nefes alacaktım ki
Her şeyi içime çekecek, içime atacak, or'da saklayacaktım
Bir anda oyuncağın paramparça
Pelerinini savurarak karşıdan gel
Ya da ayak ucunda sessizce arkamdan yaklaş
Pelerinini savurarak karşıdan gel
Ya da ayak ucunda sessizce arkamdan yaklaş
Derim kalın mıdır, incecik mi?
Çelikten üstüm başım paslı, kirli
Bildiklerim, bilmediklerim gelsin bütün silahlarıyla
Tek bildiğim var, kurşun geçirmem

Pelerinini savurarak karşıdan gel
Ya da ayak ucunda sessizce arkamdan yaklaş
Pelerinini savurarak karşıdan gel
Ya da ayak ucunda sessizce arkamdan yaklaş
Derim kalın mıdır, incecik mi?
Çelikten üstüm başım paslı, kirli
Bildiklerim, bilmediklerim gelsin bütün silahla",6ib0R2lKQgg
70,Şebnem Ferah,Od,Çok Yorgunum,"""Çok Yorgunum""

Çok yorgunum
Beni bekleme kaptan

Çok yorgunum
Beni bekleme kaptan

Seyir defterini başkası yazsın
Seyir defterini başkası yazsın

Çınarlı, kubbeli mavi bir liman
Beni o limana çıkaramazsın
Beni o limana çıkaramazsın

Çınarlı, kubbeli mavi bir liman
Beni o limana çıkaramazsın
Beni o limana çıkaramazsın

Çok yorgunum
Beni bekleme kaptan",1x7gagxpD9M
71,Şebnem Ferah,Parmak İzi,Şarkılar Yalan Söylemez,"""Şarkılar Yalan Söylemez""

Ömür kapkaranlık
Nasıl aydınlanır
Ben yanmazsam
Sen yanmazsan?

Dağılmış ses, seda
Nasıl anlamlanır
Yorulmaz, koşmaz, görmez, bakmaz, sevmez, bilmez, hiç duymazsam?

Aşk, acı, devrim, vicdan
Hak, umutla yoğrulmazsam?

Önüm kapkaranlık
Nasıl aydınlanır
Ben yanmazsam
Sen yanmazsan?

Dağılmış ses, seda
Nasıl anlamlanır
Düşünmez, durmaz, düşmez, kalkmaz, sevmek bilmez, anlamazsam?

Aşk, acı, devrim, tutku
Hak, umutla yoğrulmazsam?

Dilimin ucunda bir cümle durur ve dünya
Yıkılırsa şarkılar asla yalan söylemezler
Kalemim şahit, benim tek bildiğim tek kurşun
Atılırsa şarkılar asla yalan söylemezler

Ömür kapkaranlık
Nasıl aydınlanır
Ben yanmazsam
Sen yanmazsan?

Dağılmış ses, seda
Nasıl anlamlanır
Yorulmaz, koşmaz, görmez, bakmaz, sevmez, bilmez, hiç duymazsam?

Aşk, acı, devrim, tutku
Hak, umutla yoğrulmazsan

Dilimin ucunda bir cümle durur ve dünya
Yıkılırsa şarkılar asla yalan söylemezler
Kalemim şahit, benim tek bildiğim tek kurşun
Atılırsa şarkılar asla yalan söylemezler",NbV0LMpCzYI
72,Şebnem Ferah,Parmak İzi,Başka Bir Yol Var,"""Başka Bir Yol Var""

Gün ağırırken gir kapımdan
Dilsiz olmuşken yutkunmaktan
Ağlarken içimde içimde
Tam uyanacakken dursun zaman

Al, senin olsun, al ne olursun, al benim ömrümden
Faili meçhul bir deli maktul, bir sır olursam ben
Son günü beklerken, son sesi dinlerken
Faili meçhul bir deli maktul, bir sır olursam ben
Bil ki

Bazen güçlü, bazen kırılgan
Yorgun düştüm denge bulmaktan
En son cümleye hapsolmaktan
Başka bir yol var

Sis dağılırken gir kapımdan
Biçare olmuşken susuzluktan
Bir umut olsan, doğsan içime
Tam uyanacakken dursa zaman

Al, senin olsun, al ne olursun, al benim ömrümden
Faili meçhul bir deli maktul, bir sır olursam ben
Son günü beklerken, son sesi dinlerken
Faili meçhul bir deli maktul, bir sır olursam ben
Bil ki

Bazen güçlü, bazen kırılgan
Yorgun düştüm denge bulmaktan
En son cümleye hapsolmaktan
Başka bir yol var

Al, senin olsun, al ne olursun, al benim ömrümden
Faili meçhul bir deli maktul, bir sır olursam ben
Son günü beklerken, son sesi dinlerken
Faili meçhul bir deli maktul, bir sır olursam ben
Bil ki

Bazen güçlü, bazen kırılgan
Yorgun düştüm denge bulmaktan
En son cümleye hapsolmaktan
Başka bir yol var",ZhrsdOsV0_4
73,Şebnem Ferah,Parmak İzi,Koridor,"""Koridor""

Uzun, uzun, uzun, uzun
Bir koridor düşüm
Adım adım, adım adım
Gittiğim bir vurgun

Kendimden ve senden
Başıma gelen en en güzel şeylerden
Aklımdan, fikrimden

Zaten hiç yokmuşsun
Oh, uf!

Yavaş yavaş, yavaş, yavaş
Gittiğimi düşün
Ağır ağır, ağır ağır
Eksilirken yüküm

Omzumda, göğsümden
Geride kalan en en güzel günlerden
Sevgimden, ömrümden

Zaten hiç yokmuşsun
Oh, uf!

Zaten hiç yokmuşsun
Oh, uf!",lAJlyUEl8wI
74,Şebnem Ferah,Parmak İzi,Küllerinden,"""Küllerinden""

Bu puslu bekleyiş sona ermeden önce
Olur da zamanım yetmezse
Ayna, ayna, ayna söyle ona
Yakarım gemileri de limanları da

Hep yasla yaşamak nasıldır bilir misin
Hiçbir şeyden korkmamak?
Ah, ayna, ayna, ayna söyle bana
Yakarım gemileri de limanları da

Bana aşktan bahset, çok sevmekten
Sonra vazgeçtiğinden
Söz verdiğinden
Sonra pişmanlığından

Gemileri de limanları da
Her şeyi yakarım, anıları da
Bana aşktan bahset, tek gerçeğimden
Belki o gün doğar kalbim yine küllerinden

Bu sessiz film bitip perde inmeden önce
Akan yazılar sana görünmezse
Ayna, ayna, ayna söyle ona
Yakarım gemileri de limanları da

Hep yasta yaşamak nasıldır bilir misin
Güldüğün her an biraz ağlamak
Ayna, ayna, ayna söyle bana
Yakarım gemileri de limanları da

Bana aşktan bahset, çok sevmekten
Sonra vazgeçtiğinden
Söz verdiğinden
Sonra pişmanlığından

Gemileri de limanları da
Her şeyi yakarım, anıları da
Bana aşktan bahset, tek gerçeğimden
Belki o gün doğar kalbim yine küllerinden",ahCpjDj6qew
75,Şebnem Ferah,Parmak İzi,Vicdan,"""Vicdan""

Ruhum kükrer, ruhum her gece
Damla damla akar rimellerim
Boş bir koltuk dinler sakince
Bir kendime geçmez sözlerim

Üç beş metre beyaza girmeden önce
Eğilmeden, bükülmeden her zaman
Aynı defterden çıkmış binlerce
Düşünce, cümle, hece, harf ve insan

Vicdan, vicdan

Üstümüze, yağ üstümüze
Senden doğsun tüm anlamlar
Dinlesin insan

Yağ yeniden, yağ üstümüze
Senden gelsin, geçsin zaman
Sende dursun, saklansın vicdan, vicdan

Ruhum kükrer, ruhum her gece
Bin kez düşer, tekrar kalkarım
Benim Kutup Yıldızı'm bir başka yerde
Saklar, korur, dinler, anlarım

Üç beş metre beyaza girmeden önce
Eğilmeden, bükülmeden her zaman
Aynı hayalden doğmuş binlerce
Düşünce, cümle, hece, harf ve insan

Vicdan, vicdan

Üstümüze, yağ üstümüze
Senden doğsun tüm anlamlar
Dinlesin insan

Yağ yeniden, yağ üstümüze
Senden gelsin, geçsin zaman
Sende dursun, saklansın vicdan, vicdan

Vicdan, vicdan",GgztVyVcJik
76,Şebnem Ferah,Parmak İzi,Son Tango,"""Son Tango""

Evrenin tozuyum
Annemin kızıyım
Verenin sözüyüm
Anlat, belki anlarım

Yer, ayaklarımın altında dans ediyor
Gök, başımın tam üstünde yaş döküyor
En uzun uyku bu, derinden ses geliyor
Başka bir şarkının tonundan veda ediyor

En son tango
En son tango

Evrenin tozuyum
Annemin kızıyım
Verenin sözüyüm
Anlat, belki anlarım

Bak, çiçeklere kış ortasından güneş açıyor
İnsan bir yalanın arkasından bilip koşuyor
Kendi sözlerimin ardında dağ duruyor
Kah düğün kah cenaze olduk, hayat geçiyor

En son tango
En son tango

Evrenin tozuyum
Annemin kızıyım
Verenin sözüyüm
Anlat, belki anlarım",o8lMKHoHbjg
77,Şebnem Ferah,Parmak İzi,Parmak İzi,"""Parmak İzi""

Sustuklarım mıyım, söylediklerim mi?
Bulduklarım mıyım, kaybettiklerim mi?
Aldıklarım mıyım, verdiklerim mi?
Seçtiklerim miyim, vazgeçtiklerim mi?

Yazdıklarım mıyım, sildiklerim mi?
Devrimlerim mi, evrimlerim mi?
Vardıklarım mıyım, gittiklerim miyim?
Ektiklerim miyim, biçtiklerim mi?

Sevdiğim, sövdüğüm, yaktığım, bozduğum
Her an şahit dünyanın gözü
Öldüğüm, dirildiğim, gittiğim, döndüğüm
Her yer şahit, hep parmak izi
Parmak izi

Övdüklerim miyim, yerdiklerim mi?
Kabullerim miyim, reddettiklerim mi?
Kaldıklarım mıyım, geçtiklerim mi?
Yaktıklarım mıyım, söndürdüklerim mi?

İndiğim, çıktığım, koştuğum, durduğum
Her an şahit dünyanın gözü
Uslandığım, delirdiğim, hürlüğüm, esaretim
Herkes şahit, hep parmak izi
Parmak izi

İndiğim, çıktığım, koştuğum, durduğum
Her an şahit dünyanın gözü
Uslandığım, delirdiğim, hürlüğüm, esaretim
Herkes şahit, hep parmak izi
Parmak izi",zwzgxC-c8P4
78,Şebnem Ferah,Parmak İzi,Sözde Namus,"""Sözde Namus""

Ah, ah, annem
Bugün öldüm ben
Bir düğmeyle
Delip geçti tam göğsümden

Tahrik olmuş
Aklı durmuş
Davetkarmış her halim
O masum, ben namussuz

Çaldınız hayallerim'
Bağladınız ellerim'
Kimse duymadı sesim'
Kaç kez öldürdünüz

Gömdünüz, konuştunuz
Hapse girip çıktınız
Elleriniz, kollarınız
Hala sürüyor tecavüz

Ah, ah, annem
Bugün vuruldum ben
Bir an, yıllar sürdü
Kan yağdı gökyüzünden

Kendi aczini bana
Yükleyip rahatlama
Sözde namusunuzla
Kaç kez öldürdünüz

Gömdünüz, konuştunuz
Öyle kirli ruhunuz
Sahte namusunuzla
Hala sürüyor tecavüz

Ah, ah dünya
Bir doğurdun, bin öldürdün
Gücüm yetmedi
Kendine iyi bak dünya",AIhASqky6Lc
79,Şebnem Ferah,Parmak İzi,Kıramazsın,"""Kıramazsın""

Aklımda kim, bu kim, böyle sakin yaklaşıyor?
Kalbimde son eylül, kuru bir gül bende duruyor

Ner'deyse hiç kimse hiçbir buse, hatır sormuyor
Belki bir saniye, bazen birden umut doğuyor

Gel, yaklaş korkmadan
Gün son kez batmadan
Üstünden geçtiler kalbimin

Kıramazsın, üstünden geçtiler kalbimin
Kıramazsın, zaten üstünden geçtiler kalbimin

Yalnızsan her nefes gür bir ses, sağır ediyor
Erkenden hür esen karayelden gemiler kaçıyor

Gel, yaklaş korkmadan
Gün son kez batmadan
Üstünden geçtiler kalbimin

Kıramazsın, üstünden geçtiler kalbimin
Kıramazsın, zaten üstünden geçtiler kalbimin",tuhkQo5gtNc
80,Şebnem Ferah,Parmak İzi,Koyu,"""Koyu""

Bu yanan ateşin son akkoru
Sesime uyansan var mıdır yolu?
O duru güneşin ısıtırken suyu
Ben anadan üryan, anadan üryan

Yaralıyım, evet, tepeden tırnağa
Kim değil ki? Söyle bana
Bıraktığın emanetten sevgisizlik
Büyük sefalet, en büyük sefalet

Her şey, herkes, en son adres
Silinmiş gözükse de
Umudu bulmanın var bir yolu
Aldığın, verdiğin nefes
Kalbine çarpıyorsa
Varsın, gözüksün siyahtan koyu

Bu garip ateşin ortasında
Sevgiyi bulduk bir şarkıda
İnsan evladının göz yaşında
Biz anadan üryan, anadan üryan

Yaralıyız, evet, tepeden tırnağa
Kim değil ki? Söyle bana
Sağır eden o kirli ses
Altı üstü bir rivayet, sadece rivayet

Her şey, herkes, en son adres
Silinmiş gözükse de
Umudu bulmanın var bir yolu
Aldığın, verdiğin nefes
Kalbine çarpıyorsa
Varsın, gözüksün siyahtan koyu

Canım kardeşim, umudu kaybetme
Yaşamana bak, sarılıp kendine
Masum bir uyanış yeter bize
Duygularımız üryan, anadan üryan

Her şey, herkes, en son adres
Dünyadan silinse de
Umudu bulmanın var bir yolu
Aldığın, verdiğin nefes
Kalbine çarpıyorsa
Varsın, gözüksün siyahtan koyu",UqEU610qu_k
