No,Sınıf,Su Tipi,Balık,Familya,Ortalama Boy (cm),Ağırlık (kg),Beslenme,Yaşam Bölgesi,Bilimsel Adı,Ortalama Ömür (yıl),Ticari Değeri
1,Kemikli balık,Tuzlu su,Hamsi,Hamsigiller,15,0.02,Plankton,Karadeniz,Engraulis encrasicolus,3,Yüksek
2,Kemikli balık,Tuzlu su,Palamut,Uskumrugiller,45,2.5,Küçük balık,Karadeniz ve Marmara,Sarda sarda,5,Yüksek
3,Kemikli balık,Her ikisi,Levrek,Levrekgiller,50,3,Balık ve kabuklu,Ege ve Akdeniz,Dicentrarchus labrax,15,Yüksek
4,Kemikli balık,Tuzlu su,Çipura,Mercangiller,40,1.5,Kabuklu ve yumuşakça,Ege ve Akdeniz,Sparus aurata,11,Yüksek
5,Kemikli balık,Her ikisi,Somon,Alabalıkgiller,80,5,Balık ve kabuklu,Kuzey Atlantik,Salmo salar,8,Yüksek
6,Kemikli balık,Tatlı su,Alabalık,Alabalıkgiller,35,1,Böcek ve küçük balık,Akarsu ve göller,Oncorhynchus mykiss,7,Yüksek
7,Kemikli balık,Tatlı su,Sazan,Sazangiller,50,3,Hepçil,Göl ve nehirler,Cyprinus carpio,20,Orta
8,Kemikli balık,Tuzlu su,Ton Balığı,Uskumrugiller,200,250,Balık ve kalamar,Açık okyanus,Thunnus thynnus,15,Çok yüksek
9,Kıkırdaklı balık,Tuzlu su,Köpekbalığı,Köpekbalığıgiller,400,500,Etçil,Okyanuslar,Selachimorpha,30,Düşük
10,Kemikli balık,Tuzlu su,Kılıçbalığı,Kılıçbalığıgiller,300,150,Balık ve kalamar,Açık denizler,Xiphias gladius,9,Yüksek
11,Kemikli balık,Tuzlu su,Lüfer,Lüfergiller,40,1.5,Küçük balık,Boğazlar ve Marmara,Pomatomus saltatrix,9,Yüksek
12,Kemikli balık,Tuzlu su,Uskumru,Uskumrugiller,30,0.5,Plankton ve küçük balık,Kuzey Atlantik,Scomber scombrus,17,Yüksek
13,Kemikli balık,Tuzlu su,İstavrit,İstavritgiller,25,0.2,Plankton ve küçük balık,Karadeniz ve Ege,Trachurus trachurus,15,Orta
14,Kemikli balık,Tuzlu su,Barbunya,Tekirgiller,20,0.15,Dip canlıları,Ege ve Akdeniz,Mullus barbatus,11,Yüksek
15,Kemikli balık,Tuzlu su,Mezgit,Morinagiller,25,0.2,Küçük balık ve karides,Karadeniz,Merlangius merlangus,10,Orta
16,Kemikli balık,Tuzlu su,Kalkan,Kalkangiller,50,5,Dipteki balıklar,Karadeniz,Scophthalmus maximus,25,Çok yüksek
17,Kemikli balık,Tuzlu su,Sardalya,Ringagiller,20,0.1,Plankton,Akdeniz ve Atlantik,Sardina pilchardus,15,Orta
18,Kemikli balık,Tatlı su,Turna Balığı,Turnabalığıgiller,80,6,Balık ve kurbağa,Göl ve nehirler,Esox lucius,25,Orta
19,Kemikli balık,Tatlı su,Yayın Balığı,Yayıngiller,150,40,Balık ve kabuklu,Nehir ve barajlar,Silurus glanis,60,Orta
20,Kemikli balık,Her ikisi,Yılan Balığı,Yılanbalığıgiller,70,2,Balık ve kabuklu,Nehir ve denizler,Anguilla anguilla,85,Yüksek
21,Kemikli balık,Her ikisi,Mersin Balığı,Mersinbalığıgiller,200,60,Dip canlıları,Hazar ve Karadeniz,Acipenser sturio,100,Çok yüksek
22,Kıkırdaklı balık,Tuzlu su,Vatoz,Vatozgiller,60,5,Yumuşakça ve kabuklu,Deniz tabanı,Rajidae,15,Düşük
23,Kıkırdaklı balık,Tuzlu su,Manta Vatozu,Vatozgiller,500,1400,Plankton,Tropik okyanuslar,Mobula birostris,40,Düşük
24,Kemikli balık,Tuzlu su,Fener Balığı,Fenerbalığıgiller,60,20,Balık,Derin deniz,Lophius piscatorius,20,Orta
25,Kemikli balık,Tatlı su,Japon Balığı,Sazangiller,15,0.2,Hepçil,Akvaryum ve göletler,Carassius auratus,15,Süs
26,Kemikli balık,Tatlı su,Piraya,Pirayagiller,25,1,Etçil,Amazon Nehri,Pygocentrus nattereri,10,Düşük
27,Kemikli balık,Tuzlu su,Morina,Morinagiller,100,25,Balık ve kabuklu,Kuzey Atlantik,Gadus morhua,20,Yüksek
28,Kemikli balık,Tuzlu su,Dil Balığı,Dilbalığıgiller,35,0.5,Dip canlıları,Akdeniz ve Atlantik,Solea solea,25,Yüksek
29,Kemikli balık,Her ikisi,Kefal,Kefalgiller,40,1.5,Yosun ve organik artık,Kıyı ve haliçler,Mugil cephalus,15,Orta
30,Kemikli balık,Tuzlu su,Sinarit,Mercangiller,60,5,Balık ve kalamar,Ege ve Akdeniz,Dentex dentex,30,Yüksek
31,Kemikli balık,Tuzlu su,Ringa,Ringagiller,30,0.5,Plankton,Kuzey Atlantik,Clupea harengus,12,Yüksek
32,Kemikli balık,Tatlı su,Tilapya,Çiklitgiller,35,1,Hepçil,Sıcak göller,Oreochromis niloticus,10,Orta
33,Kemikli balık,Tuzlu su,İskorpit,İskorpitgiller,30,1.5,Balık ve kabuklu,Kayalık dipler,Scorpaena scrofa,15,Orta
34,Kemikli balık,Tuzlu su,Mırmır,Mercangiller,30,0.8,Dip canlıları,Ege ve Akdeniz,Lithognathus mormyrus,12,Orta
35,Kemikli balık,Tuzlu su,Karagöz,Mercangiller,30,1,Kabuklu ve yosun,Kayalık kıyılar,Diplodus vulgaris,10,Yüksek
36,Kemikli balık,Tuzlu su,Melanur,Mercangiller,20,0.3,Yosun ve plankton,Kıyı suları,Oblada melanura,8,Orta
37,Kemikli balık,Tuzlu su,Kupez,Mercangiller,20,0.2,Plankton,Ege ve Akdeniz,Boops boops,6,Düşük
38,Kemikli balık,Tuzlu su,Zargana,Zarganagiller,60,0.5,Küçük balık,Yüzey suları,Belone belone,7,Orta
39,Kemikli balık,Tuzlu su,Kolyoz,Uskumrugiller,30,0.4,Plankton ve küçük balık,Akdeniz ve Ege,Scomber colias,10,Orta
40,Kemikli balık,Her ikisi,Gümüş Balığı,Gümüşgiller,12,0.02,Plankton,Kıyı ve haliçler,Atherina boyeri,4,Düşük
41,Kemikli balık,Tuzlu su,Isparoz,Mercangiller,20,0.2,Kabuklu ve yosun,Kayalık kıyılar,Diplodus annularis,9,Düşük
42,Kemikli balık,Tuzlu su,Trança,Mercangiller,70,8,Balık ve kabuklu,Ege ve Akdeniz,Pagrus pagrus,15,Yüksek
43,Kemikli balık,Tuzlu su,Fangri,Mercangiller,60,6,Kabuklu ve balık,Derin kayalıklar,Pagellus erythrinus,14,Yüksek
44,Kemikli balık,Tuzlu su,Tekir,Tekirgiller,25,0.3,Dip canlıları,Ege ve Akdeniz,Mullus surmuletus,11,Yüksek
45,Kemikli balık,Tuzlu su,Akya,Sarıkuyrukgiller,100,25,Balık,Açık sular,Lichia amia,15,Yüksek
46,Kemikli balık,Tuzlu su,Kırlangıç Balığı,Kırlangıçgiller,40,2,Dip canlıları,Kumluk dipler,Chelidonichthys lucerna,15,Orta
47,Kemikli balık,Tuzlu su,Berlam,Berlamgiller,40,1,Küçük balık,Kuzey Atlantik,Merluccius merluccius,20,Yüksek
48,Kemikli balık,Tuzlu su,Orfoz,Orfozgiller,100,30,Balık ve ahtapot,Kayalık dipler,Epinephelus marginatus,50,Çok yüksek
49,Kemikli balık,Tuzlu su,Lipsoz,İskorpitgiller,40,3,Balık ve kabuklu,Kayalık dipler,Scorpaena porcus,15,Orta
50,Kemikli balık,Tuzlu su,Sarıağız,Sarıağızgiller,150,40,Balık ve kabuklu,Kıyı suları,Argyrosomus regius,30,Yüksek
